Source,Target,Predicted
amkitamai,అంకితమై,అంకితమై
ankitamai,అంకితమై,అంకితమై
ankela,అంకెల,అంకెల
ankelanu,అంకెలను,అంకెలను
angeekarinchaka,అంగీకరించక,అంగీకరించక
angeekarinchaadu,అంగీకరించాడు,అంగీకరించాడు
angiikarinchaadu,అంగీకరించాడు,అంగీకరించాడు
angeekarinchi,అంగీకరించి,అంగీకరించి
angikarinchi,అంగీకరించి,అంగీకరించి
angeekarimchina,అంగీకరించిన,అంగీకరించిన
angeekarinchina,అంగీకరించిన,అంగీకరించిన
angeekarinche,అంగీకరించే,అంగీకరించే
angikarinchay,అంగీకరించే,అంగీకరించే
angikarinche,అంగీకరించే,అంగీకరించే
andar,అండర్,అండర్
amtagaa,అంతగా,అంతగా
antagaa,అంతగా,అంతగా
anthagaa,అంతగా,అంతగా
amtaloenae,అంతలోనే,అంతలోనే
anthalone,అంతలోనే,అంతలోనే
anthaloonee,అంతలోనే,అంతలోనే
akrama,అక్రమ,అక్రమ
akramaalu,అక్రమాలు,అక్రమాలు
akramalu,అక్రమాలు,అక్రమాలు
ajeernhamu,అజీర్ణము,అజీర్ణము
ajirnamu,అజీర్ణము,అజీర్ణము
agnaanapu,అజ్ఞానపు,అజ్ఞానపు
aghnaanamu,అజ్ఞానము,అజ్ఞానము
agnaanamu,అజ్ఞానము,అజ్ఞానము
ajnanamu,అజ్ఞానము,అజ్ఞానము
adigithe,అడిగితే,అడిగితే
atanoka,అతనొక,అతనొక
athanoka,అతనొక,అతనొక
adi,అది,అది
adhikam,అధికం,అధికం
adhikamga,అధికంగా,అధికంగా
adhikanga,అధికంగా,అధికంగా
adhikangaa,అధికంగా,అధికంగా
adhikamuga,అధికముగా,అధికముగా
adhikamaina,అధికమైన,అధికమైన
adhirohincharu,అధిరోహించారు,అధిరోహించారు
adhyakshathana,అధ్యక్షతన,అధ్యక్షతన
adhyyanamu,అధ్యయనము,అధ్యయనము
ananthapuram,అనంతపురం,అనంతపురం
anaconda,అనకొండ,అనకొండ
anakonda,అనకొండ,అనకొండ
anani,అనని,అనని
ananu,అనను,అనను
anaparthi,అనపర్తి,అనపర్తి
anipinchi,అనిపించి,అనిపించి
anipinchina,అనిపించిన,అనిపించిన
anipinnchina,అనిపించిన,అనిపించిన
anivaarya,అనివార్య,అనివార్య
anivaaryamgaa,అనివార్యంగా,అనివార్యంగా
anivaaryamyna,అనివార్యమైన,అనివార్యమైన
anunadi,అనునది,అనునది
anubhuthi,అనుభూతి,అనుభూతి
anubhuuti,అనుభూతి,అనుభూతి
anubhuthiga,అనుభూతిగా,అనుభూతిగా
anuraaga,అనురాగ,అనురాగ
anuraagam,అనురాగం,అనురాగం
anuragam,అనురాగం,అనురాగం
anuraagaalu,అనురాగాలు,అనురాగాలు
anuragalu,అనురాగాలు,అనురాగాలు
anusaasanika,అనుశాసనిక,అనుశాసనిక
anusandaanamai,అనుసంధానమై,అనుసంధానమై
anusandhaanamai,అనుసంధానమై,అనుసంధానమై
annadaanam,అన్నదానం,అన్నదానం
annadaanamu,అన్నదానము,అన్నదానము
annimtinee,అన్నింటినీ,అన్నింటినీ
annintinee,అన్నింటినీ,అన్నింటినీ
anyaapadesamga,అన్యాపదేశంగా,అన్యాపదేశంగా
anveshinche,అన్వేషించే,అన్వేషించే
apakeerthi,అపకీర్తి,అపకీర్తి
abaddhaala,అబద్ధాల,అబద్ధాల
abaddhala,అబద్ధాల,అబద్ధాల
abbaa,అబ్బా,అబ్బా
abhimaana,అభిమాన,అభిమాన
abhimaanam,అభిమానం,అభిమానం
abhimaanamtho,అభిమానంతో,అభిమానంతో
abhimanuluga,అభిమానులుగా,అభిమానులుగా
abhimaanulae,అభిమానులే,అభిమానులే
amaanusha,అమానుష,అమానుష
amaayaka,అమాయక,అమాయక
amaayakapu,అమాయకపు,అమాయకపు
amaayakudaina,అమాయకుడైన,అమాయకుడైన
amrutamae,అమృతమే,అమృతమే
amerikanla,అమెరికన్ల,అమెరికన్ల
ammevaru,అమ్మేవారు,అమ్మేవారు
ayitheenee,అయితేనే,అయితేనే
ayithene,అయితేనే,అయితేనే
ayyindi,అయ్యింది,అయ్యింది
aracheethi,అరచేతి,అరచేతి
aranhyamloe,అరణ్యంలో,అరణ్యంలో
aranhyaalathoo,అరణ్యాలతో,అరణ్యాలతో
aranyaalatho,అరణ్యాలతో,అరణ్యాలతో
aranyalato,అరణ్యాలతో,అరణ్యాలతో
aranhyaalu,అరణ్యాలు,అరణ్యాలు
aranyaalu,అరణ్యాలు,అరణ్యాలు
aranyalu,అరణ్యాలు,అరణ్యాలు
ardhamtoe,అర్థంతో,అర్థంతో
ardhamtoo,అర్థంతో,అర్థంతో
ardhamlo,అర్థంలో,అర్థంలో
arthamlo,అర్థంలో,అర్థంలో
arthamloo,అర్థంలో,అర్థంలో
alaka,అలక,అలక
alarinchadu,అలరించాడు,అలరించాడు
alarinchina,అలరించిన,అలరించిన
alavaataina,అలవాటైన,అలవాటైన
alavataina,అలవాటైన,అలవాటైన
alaantidhe,అలాంటిదే,అలాంటిదే
allaadi,అల్లాడి,అల్లాడి
avagaahana,అవగాహన,అవగాహన
avagahana,అవగాహన,అవగాహన
avatharana,అవతరణ,అవతరణ
avatharanha,అవతరణ,అవతరణ
avataar,అవతార్,అవతార్
avathaar,అవతార్,అవతార్
avannee,అవన్నీ,అవన్నీ
avasaramu,అవసరము,అవసరము
avasaramai,అవసరమై,అవసరమై
avaard,అవార్డ్,అవార్డ్
avutundi,అవుతుంది,అవుతుంది
ashtaa,అష్టా,అష్టా
asthra,అస్త్ర,అస్త్ర
aham,అహం,అహం
ahoobilam,అహోబిలం,అహోబిలం
aamdhra,ఆంధ్ర,ఆంధ్ర
aandhra,ఆంధ్ర,ఆంధ్ర
aandhramu,ఆంధ్రము,ఆంధ్రము
aandramu,ఆంధ్రము,ఆంధ్రము
andhramu,ఆంధ్రము,ఆంధ్రము
aandhraraashtram,ఆంధ్రరాష్ట్రం,ఆంధ్రరాష్ట్రం
aandraraashtram,ఆంధ్రరాష్ట్రం,ఆంధ్రరాష్ట్రం
aandhralo,ఆంధ్రలో,ఆంధ్రలో
aandhraloo,ఆంధ్రలో,ఆంధ్రలో
aakaara,ఆకార,ఆకార
aakaarapu,ఆకారపు,ఆకారపు
aakaaraalu,ఆకారాలు,ఆకారాలు
aakaralu,ఆకారాలు,ఆకారాలు
aakraminchae,ఆక్రమించే,ఆక్రమించే
aakraminche,ఆక్రమించే,ఆక్రమించే
aagakunda,ఆగకుండా,ఆగకుండా
aagalaedu,ఆగలేదు,ఆగలేదు
aagaledu,ఆగలేదు,ఆగలేదు
aagaleedhu,ఆగలేదు,ఆగలేదు
aachamta,ఆచంట,ఆచంట
aachanta,ఆచంట,ఆచంట
aagnaapinchina,ఆజ్ఞాపించిన,ఆజ్ఞాపించిన
aajnaapinchina,ఆజ్ఞాపించిన,ఆజ్ఞాపించిన
aadina,ఆడిన,ఆడిన
aathma,ఆత్మ,ఆత్మ
aatma,ఆత్మ,ఆత్మ
aathmaku,ఆత్మకు,ఆత్మకు
aatmaku,ఆత్మకు,ఆత్మకు
athmaku,ఆత్మకు,ఆత్మకు
aatmaga,ఆత్మగా,ఆత్మగా
aatmagaa,ఆత్మగా,ఆత్మగా
atmaga,ఆత్మగా,ఆత్మగా
aatmatoo,ఆత్మతో,ఆత్మతో
aatmanu,ఆత్మను,ఆత్మను
aathmala,ఆత్మల,ఆత్మల
aatmala,ఆత్మల,ఆత్మల
aathmalaku,ఆత్మలకు,ఆత్మలకు
aatmalaku,ఆత్మలకు,ఆత్మలకు
aathmalo,ఆత్మలో,ఆత్మలో
aatmalo,ఆత్మలో,ఆత్మలో
aatmaloo,ఆత్మలో,ఆత్మలో
atmalo,ఆత్మలో,ఆత్మలో
aadeshinchagaa,ఆదేశించగా,ఆదేశించగా
aadesinchagaa,ఆదేశించగా,ఆదేశించగా
aadheshinchagaa,ఆదేశించగా,ఆదేశించగా
aadeshinchadam,ఆదేశించడం,ఆదేశించడం
aadesinchadam,ఆదేశించడం,ఆదేశించడం
aadhmee,ఆద్మీ,ఆద్మీ
aadhaaramtho,ఆధారంతో,ఆధారంతో
aadhaaraala,ఆధారాల,ఆధారాల
aadhaaraalato,ఆధారాలతో,ఆధారాలతో
adharalatho,ఆధారాలతో,ఆధారాలతో
adharalato,ఆధారాలతో,ఆధారాలతో
aadhikyamloe,ఆధిక్యంలో,ఆధిక్యంలో
aapi,ఆపి,ఆపి
aapina,ఆపిన,ఆపిన
aapudu,ఆపుడు,ఆపుడు
aamodincharu,ఆమోదించారు,ఆమోదించారు
aamodhinchina,ఆమోదించిన,ఆమోదించిన
aamodinchina,ఆమోదించిన,ఆమోదించిన
aamoodhinche,ఆమోదించే,ఆమోదించే
aamoodinchee,ఆమోదించే,ఆమోదించే
aamlam,ఆమ్లం,ఆమ్లం
aayina,ఆయిన,ఆయిన
aayurveda,ఆయుర్వేద,ఆయుర్వేద
aayurvedam,ఆయుర్వేదం,ఆయుర్వేదం
aaraamaalu,ఆరామాలు,ఆరామాలు
aarogyakara,ఆరోగ్యకర,ఆరోగ్యకర
aaroogyakara,ఆరోగ్యకర,ఆరోగ్యకర
aarohanha,ఆరోహణ,ఆరోహణ
aaroohana,ఆరోహణ,ఆరోహణ
aarkaa,ఆర్కా,ఆర్కా
aargaan,ఆర్గాన్,ఆర్గాన్
orgaan,ఆర్గాన్,ఆర్గాన్
aalayamloo,ఆలయంలో,ఆలయంలో
aalayaalu,ఆలయాలు,ఆలయాలు
aalayalu,ఆలయాలు,ఆలయాలు
alayalu,ఆలయాలు,ఆలయాలు
aalasyam,ఆలస్యం,ఆలస్యం
alasyam,ఆలస్యం,ఆలస్యం
aalasyamgaa,ఆలస్యంగా,ఆలస్యంగా
aalasyamu,ఆలస్యము,ఆలస్యము
aavagimjamta,ఆవగింజంత,ఆవగింజంత
aavaginjamta,ఆవగింజంత,ఆవగింజంత
aavaginjantha,ఆవగింజంత,ఆవగింజంత
aavidhamgaa,ఆవిధంగా,ఆవిధంగా
aavidhangaa,ఆవిధంగా,ఆవిధంగా
aasaya,ఆశయ,ఆశయ
aashaya,ఆశయ,ఆశయ
aashayaanni,ఆశయాన్ని,ఆశయాన్ని
aashayanni,ఆశయాన్ని,ఆశయాన్ని
aasramamlo,ఆశ్రమంలో,ఆశ్రమంలో
aaharamthoo,ఆహారంతో,ఆహారంతో
ahaaramtoo,ఆహారంతో,ఆహారంతో
aaharamuga,ఆహారముగా,ఆహారముగా
intha,ఇంత,ఇంత
imtaku,ఇంతకు,ఇంతకు
intaku,ఇంతకు,ఇంతకు
inthaku,ఇంతకు,ఇంతకు
imtagaa,ఇంతగా,ఇంతగా
intaga,ఇంతగా,ఇంతగా
inthagaa,ఇంతగా,ఇంతగా
intalo,ఇంతలో,ఇంతలో
imtaa,ఇంతా,ఇంతా
intaa,ఇంతా,ఇంతా
imtoe,ఇంతో,ఇంతో
impugaa,ఇంపుగా,ఇంపుగా
inpugaa,ఇంపుగా,ఇంపుగా
etara,ఇతర,ఇతర
itara,ఇతర,ఇతర
ithara,ఇతర,ఇతర
itaraalu,ఇతరాలు,ఇతరాలు
itharaalu,ఇతరాలు,ఇతరాలు
itharalu,ఇతరాలు,ఇతరాలు
ithivruttham,ఇతివృత్తం,ఇతివృత్తం
ittadi,ఇత్తడి,ఇత్తడి
itthadi,ఇత్తడి,ఇత్తడి
iddari,ఇద్దరి,ఇద్దరి
iddhari,ఇద్దరి,ఇద్దరి
iddariki,ఇద్దరికి,ఇద్దరికి
iddhariki,ఇద్దరికి,ఇద్దరికి
iddarini,ఇద్దరిని,ఇద్దరిని
iddarni,ఇద్దర్ని,ఇద్దర్ని
inner,ఇన్నర్,ఇన్నర్
ippati,ఇప్పటి,ఇప్పటి
ivivi,ఇవివి,ఇవివి
ivee,ఇవీ,ఇవీ
ivvadhu,ఇవ్వదు,ఇవ్వదు
eetadu,ఈతడు,ఈతడు
eethadu,ఈతడు,ఈతడు
eelogaa,ఈలోగా,ఈలోగా
eeloogaa,ఈలోగా,ఈలోగా
unchaali,ఉంచాలి,ఉంచాలి
undagaladhu,ఉండగలదు,ఉండగలదు
umdenu,ఉండెను,ఉండెను
undenu,ఉండెను,ఉండెను
uttama,ఉత్తమ,ఉత్తమ
utthama,ఉత్తమ,ఉత్తమ
uttamam,ఉత్తమం,ఉత్తమం
uttamamga,ఉత్తమంగా,ఉత్తమంగా
uttamangaa,ఉత్తమంగా,ఉత్తమంగా
uttamamaina,ఉత్తమమైన,ఉత్తమమైన
utthamamaina,ఉత్తమమైన,ఉత్తమమైన
udayam,ఉదయం,ఉదయం
vudayam,ఉదయం,ఉదయం
udayimchae,ఉదయించే,ఉదయించే
udayinche,ఉదయించే,ఉదయించే
udaara,ఉదార,ఉదార
unna,ఉన్న,ఉన్న
unnantha,ఉన్నంత,ఉన్నంత
unnadi,ఉన్నది,ఉన్నది
unnaadani,ఉన్నాడని,ఉన్నాడని
unnaarantae,ఉన్నారంటే,ఉన్నారంటే
uparitala,ఉపరితల,ఉపరితల
usirikaaya,ఉసిరికాయ,ఉసిరికాయ
ooregi,ఊరేగి,ఊరేగి
uureegi,ఊరేగి,ఊరేగి
vuregi,ఊరేగి,ఊరేగి
oohaathmaka,ఊహాత్మక,ఊహాత్మక
oohaatmaka,ఊహాత్మక,ఊహాత్మక
uhaatmaka,ఊహాత్మక,ఊహాత్మక
uuhaatmaka,ఊహాత్మక,ఊహాత్మక
vuhaatmaka,ఊహాత్మక,ఊహాత్మక
mm,ఎంఎం,ఎంఎం
enchukunna,ఎంచుకున్న,ఎంచుకున్న
entavarakuu,ఎంతవరకూ,ఎంతవరకూ
enthavarakuu,ఎంతవరకూ,ఎంతవరకూ
edhigaadu,ఎదిగాడు,ఎదిగాడు
edigaadu,ఎదిగాడు,ఎదిగాడు
eddhunu,ఎద్దును,ఎద్దును
ekeekarana,ఏకీకరణ,ఏకీకరణ
yekekarana,ఏకీకరణ,ఏకీకరణ
yekikarana,ఏకీకరణ,ఏకీకరణ
aenugunu,ఏనుగును,ఏనుగును
yenugunu,ఏనుగును,ఏనుగును
aenugulu,ఏనుగులు,ఏనుగులు
enugulu,ఏనుగులు,ఏనుగులు
yenugulu,ఏనుగులు,ఏనుగులు
epani,ఏపని,ఏపని
yepani,ఏపని,ఏపని
emante,ఏమంటే,ఏమంటే
yemante,ఏమంటే,ఏమంటే
aemaathram,ఏమాత్రం,ఏమాత్రం
ematram,ఏమాత్రం,ఏమాత్రం
aerpadadam,ఏర్పడడం,ఏర్పడడం
erpadadam,ఏర్పడడం,ఏర్పడడం
yerpadadam,ఏర్పడడం,ఏర్పడడం
erpadenduku,ఏర్పడేందుకు,ఏర్పడేందుకు
yerpadenduku,ఏర్పడేందుకు,ఏర్పడేందుకు
elina,ఏలిన,ఏలిన
yelina,ఏలిన,ఏలిన
okaanoka,ఒకానొక,ఒకానొక
oraacle,ఒరాకిల్,ఒరాకిల్
voterla,ఓటర్ల,ఓటర్ల
ou,ఔ,ఔ
kamdaktar,కండక్టర్,కండక్టర్
kampu,కంపు,కంపు
kachchaerii,కచ్చేరీ,కచ్చేరీ
kattalu,కట్టలు,కట్టలు
kattaalani,కట్టాలని,కట్టాలని
kattimchadam,కట్టించడం,కట్టించడం
kattinchadam,కట్టించడం,కట్టించడం
kattimchi,కట్టించి,కట్టించి
kattinchi,కట్టించి,కట్టించి
katnam,కట్నం,కట్నం
kadimi,కడిమి,కడిమి
kanaalugaa,కణాలుగా,కణాలుగా
kadhanaalaku,కథనాలకు,కథనాలకు
kathanaalaku,కథనాలకు,కథనాలకు
kadhanaalu,కథనాలు,కథనాలు
kathanaalu,కథనాలు,కథనాలు
kadapadam,కదపడం,కదపడం
kadaladam,కదలడం,కదలడం
kadalani,కదలని,కదలని
kadhilinchi,కదిలించి,కదిలించి
kadilimchi,కదిలించి,కదిలించి
kani,కని,కని
kannu,కన్ను,కన్ను
kannunu,కన్నును,కన్నును
kannulu,కన్నులు,కన్నులు
kamaneeyamga,కమనీయంగా,కమనీయంగా
kamaneeyamgaa,కమనీయంగా,కమనీయంగా
kamaneeyangaa,కమనీయంగా,కమనీయంగా
karigina,కరిగిన,కరిగిన
karivaepaaku,కరివేపాకు,కరివేపాకు
karivepaaku,కరివేపాకు,కరివేపాకు
karuvunu,కరువును,కరువును
karshaka,కర్షక,కర్షక
kalagalasina,కలగలసిన,కలగలసిన
kaladii,కలదీ,కలదీ
kaligaadu,కలిగాడు,కలిగాడు
kaligina,కలిగిన,కలిగిన
kaligenu,కలిగెను,కలిగెను
kalimi,కలిమి,కలిమి
kalugadhu,కలుగదు,కలుగదు
kavayithriga,కవయిత్రిగా,కవయిత్రిగా
covar,కవర్,కవర్
cover,కవర్,కవర్
kover,కవర్,కవర్
kavarla,కవర్ల,కవర్ల
kavitala,కవితల,కవితల
kavithala,కవితల,కవితల
kavitalaloe,కవితలలో,కవితలలో
kavitalu,కవితలు,కవితలు
kavithalu,కవితలు,కవితలు
kashta,కష్ట,కష్ట
kashtapadadam,కష్టపడడం,కష్టపడడం
kashtamu,కష్టము,కష్టము
kashtamai,కష్టమై,కష్టమై
kashtamie,కష్టమై,కష్టమై
kashtamaina,కష్టమైన,కష్టమైన
kashtamiena,కష్టమైన,కష్టమైన
kashtaalloe,కష్టాల్లో,కష్టాల్లో
kaatamaraaju,కాటమరాజు,కాటమరాజు
kaatu,కాటు,కాటు
kaatuka,కాటుక,కాటుక
kaatuku,కాటుకు,కాటుకు
kaanivi,కానివి,కానివి
comic,కామిక్,కామిక్
kaayadam,కాయడం,కాయడం
kayadam,కాయడం,కాయడం
kaayanu,కాయను,కాయను
kayanu,కాయను,కాయను
kaayamu,కాయము,కాయము
kayamu,కాయము,కాయము
kaaradam,కారడం,కారడం
kaaranam,కారణం,కారణం
caart,కార్ట్,కార్ట్
cart,కార్ట్,కార్ట్
kaart,కార్ట్,కార్ట్
kart,కార్ట్,కార్ట్
qart,కార్ట్,కార్ట్
kaarya,కార్య,కార్య
kaaryaalayamloone,కార్యాలయంలోనే,కార్యాలయంలోనే
karyalayamlone,కార్యాలయంలోనే,కార్యాలయంలోనే
karyalayamloonae,కార్యాలయంలోనే,కార్యాలయంలోనే
kaalendar,కాలెండర్,కాలెండర్
kaalpanika,కాల్పనిక,కాల్పనిక
kaavacchu,కావచ్చు,కావచ్చు
kaavachhu,కావచ్చు,కావచ్చు
kaavatamtho,కావటంతో,కావటంతో
kaavatamtoo,కావటంతో,కావటంతో
kaavalisina,కావలిసిన,కావలిసిన
kimidi,కిమిడి,కిమిడి
kiranaala,కిరణాల,కిరణాల
kiranala,కిరణాల,కిరణాల
kiranhaala,కిరణాల,కిరణాల
kishtamaina,కిష్టమైన,కిష్టమైన
keerti,కీర్తి,కీర్తి
kirthi,కీర్తి,కీర్తి
kirti,కీర్తి,కీర్తి
kunthii,కుంతీ,కుంతీ
kukee,కుకీ,కుకీ
kutraloo,కుట్రలో,కుట్రలో
kuutiki,కూటికి,కూటికి
kuuragaayalatho,కూరగాయలతో,కూరగాయలతో
kuuragaayalanu,కూరగాయలను,కూరగాయలను
kuuragaayalu,కూరగాయలు,కూరగాయలు
kuuragayalu,కూరగాయలు,కూరగాయలు
kuulindhi,కూలింది,కూలింది
kuulindi,కూలింది,కూలింది
kenyaalo,కెన్యాలో,కెన్యాలో
kenyalo,కెన్యాలో,కెన్యాలో
kendra,కేంద్ర,కేంద్ర
kongu,కొంగు,కొంగు
kottuku,కొట్టుకు,కొట్టుకు
kottukune,కొట్టుకునే,కొట్టుకునే
kottavi,కొత్తవి,కొత్తవి
kotthavi,కొత్తవి,కొత్తవి
kolamaanam,కొలమానం,కొలమానం
kolamanam,కొలమానం,కొలమానం
koganti,కోగంటి,కోగంటి
kooganti,కోగంటి,కోగంటి
kori,కోరి,కోరి
korika,కోరిక,కోరిక
koorikaga,కోరికగా,కోరికగా
korikaga,కోరికగా,కోరికగా
korikanu,కోరికను,కోరికను
kosoori,కోసూరి,కోసూరి
kosuri,కోసూరి,కోసూరి
kosuuri,కోసూరి,కోసూరి
cramamu,క్రమము,క్రమము
kramamu,క్రమము,క్రమము
kramamuga,క్రమముగా,క్రమముగా
criyanu,క్రియను,క్రియను
kriyanu,క్రియను,క్రియను
criyalo,క్రియలో,క్రియలో
criyaloo,క్రియలో,క్రియలో
kriyalo,క్రియలో,క్రియలో
kriyaloo,క్రియలో,క్రియలో
click,క్లిక్,క్లిక్
clicq,క్లిక్,క్లిక్
kshethramu,క్షేత్రము,క్షేత్రము
kshetramu,క్షేత్రము,క్షేత్రము
kshetramunaku,క్షేత్రమునకు,క్షేత్రమునకు
kshethramaina,క్షేత్రమైన,క్షేత్రమైన
kshetramaina,క్షేత్రమైన,క్షేత్రమైన
khandinchi,ఖండించి,ఖండించి
khandinche,ఖండించే,ఖండించే
khaidii,ఖైదీ,ఖైదీ
khaideela,ఖైదీల,ఖైదీల
gajaraaju,గజరాజు,గజరాజు
gajaraju,గజరాజు,గజరాజు
gajaendhra,గజేంద్ర,గజేంద్ర
gajendhra,గజేంద్ర,గజేంద్ర
gajendra,గజేంద్ర,గజేంద్ర
gadupu,గడుపు,గడుపు
gaddalu,గడ్డలు,గడ్డలు
garvam,గర్వం,గర్వం
garvamu,గర్వము,గర్వము
galadaa,గలదా,గలదా
galadhu,గలదు,గలదు
gaayanii,గాయనీ,గాయనీ
gaavinchi,గావించి,గావించి
gunam,గుణం,గుణం
gummaalu,గుమ్మాలు,గుమ్మాలు
guruthva,గురుత్వ,గురుత్వ
gurutva,గురుత్వ,గురుత్వ
getu,గేటు,గేటు
gorinka,గోరింక,గోరింక
goovu,గోవు,గోవు
govu,గోవు,గోవు
goovunu,గోవును,గోవును
govunu,గోవును,గోవును
goovulu,గోవులు,గోవులు
govulu,గోవులు,గోవులు
goosangi,గోసంగి,గోసంగి
gosangi,గోసంగి,గోసంగి
gramddhaalayam,గ్రంథాలయం,గ్రంథాలయం
granthaalayam,గ్రంథాలయం,గ్రంథాలయం
graamaala,గ్రామాల,గ్రామాల
gramala,గ్రామాల,గ్రామాల
ghaniibhavinchi,ఘనీభవించి,ఘనీభవించి
ghaniibhavinchina,ఘనీభవించిన,ఘనీభవించిన
ghoramga,ఘోరంగా,ఘోరంగా
ghoramgaa,ఘోరంగా,ఘోరంగా
ghorangaa,ఘోరంగా,ఘోరంగా
chacchaaru,చచ్చారు,చచ్చారు
chachhaaru,చచ్చారు,చచ్చారు
chattabaddanga,చట్టబద్దంగా,చట్టబద్దంగా
chattabaddha,చట్టబద్ధ,చట్టబద్ధ
chattabaddham,చట్టబద్ధం,చట్టబద్ధం
chadunuga,చదునుగా,చదునుగా
chadhuvuthuu,చదువుతూ,చదువుతూ
chaduvuthoo,చదువుతూ,చదువుతూ
chaduvuthu,చదువుతూ,చదువుతూ
chaduvutuu,చదువుతూ,చదువుతూ
chaddhi,చద్ది,చద్ది
chaddi,చద్ది,చద్ది
chappudu,చప్పుడు,చప్పుడు
charita,చరిత,చరిత
charitha,చరిత,చరిత
charitamu,చరితము,చరితము
charithamu,చరితము,చరితము
charithrakaarula,చరిత్రకారుల,చరిత్రకారుల
charithrakarula,చరిత్రకారుల,చరిత్రకారుల
charchinchatam,చర్చించటం,చర్చించటం
charchinchadam,చర్చించడం,చర్చించడం
charchinchi,చర్చించి,చర్చించి
charchinchina,చర్చించిన,చర్చించిన
charchinche,చర్చించే,చర్చించే
charchinchee,చర్చించే,చర్చించే
charchilalo,చర్చిలలో,చర్చిలలో
charchilaloo,చర్చిలలో,చర్చిలలో
challagaane,చల్లగానే,చల్లగానే
challagaanee,చల్లగానే,చల్లగానే
challagane,చల్లగానే,చల్లగానే
challatam,చల్లటం,చల్లటం
challati,చల్లటి,చల్లటి
challapalli,చల్లపల్లి,చల్లపల్లి
chaarulata,చారులత,చారులత
chaarulatha,చారులత,చారులత
chikkati,చిక్కటి,చిక్కటి
chithraranga,చిత్రరంగ,చిత్రరంగ
chitraranga,చిత్రరంగ,చిత్రరంగ
chinukulaa,చినుకులా,చినుకులా
chinna,చిన్న,చిన్న
chinnathanam,చిన్నతనం,చిన్నతనం
chinnathanamlone,చిన్నతనంలోనే,చిన్నతనంలోనే
chinnadi,చిన్నది,చిన్నది
chinnadiga,చిన్నదిగా,చిన్నదిగా
chillara,చిల్లర,చిల్లర
chihnamaina,చిహ్నమైన,చిహ్నమైన
chihnamyna,చిహ్నమైన,చిహ్నమైన
chiilchi,చీల్చి,చీల్చి
chuttunu,చుట్టును,చుట్టును
chuudu,చూడు,చూడు
chuusaemduku,చూసేందుకు,చూసేందుకు
chuuseenduku,చూసేందుకు,చూసేందుకు
chenchu,చెంచు,చెంచు
chenchulu,చెంచులు,చెంచులు
chendadamtho,చెందడంతో,చెందడంతో
chendhinadhe,చెందినదే,చెందినదే
chendinade,చెందినదే,చెందినదే
chepthuu,చెప్తూ,చెప్తూ
cheppagala,చెప్పగల,చెప్పగల
cheppagalamu,చెప్పగలము,చెప్పగలము
cheppaga,చెప్పగా,చెప్పగా
cheppagaane,చెప్పగానే,చెప్పగానే
cheppagane,చెప్పగానే,చెప్పగానే
cheppadam,చెప్పడం,చెప్పడం
cheppamani,చెప్పమని,చెప్పమని
cheppavacchu,చెప్పవచ్చు,చెప్పవచ్చు
cheppavachchu,చెప్పవచ్చు,చెప్పవచ్చు
cheppavalasi,చెప్పవలసి,చెప్పవలసి
cheppaalani,చెప్పాలని,చెప్పాలని
cheppalani,చెప్పాలని,చెప్పాలని
chelli,చెల్లి,చెల్లి
chellindhi,చెల్లింది,చెల్లింది
chellindi,చెల్లింది,చెల్లింది
chelliki,చెల్లికి,చెల్లికి
cheylliki,చెల్లికి,చెల్లికి
chellemma,చెల్లెమ్మ,చెల్లెమ్మ
chaetu,చేటు,చేటు
cheeyadamloo,చేయడంలో,చేయడంలో
chaeyalaemu,చేయలేము,చేయలేము
cheeyaleemu,చేయలేము,చేయలేము
cheyalemu,చేయలేము,చేయలేము
cheeyincha,చేయించ,చేయించ
cheyincha,చేయించ,చేయించ
cheeyinchagaa,చేయించగా,చేయించగా
cheyinchagaa,చేయించగా,చేయించగా
cheeyinchatam,చేయించటం,చేయించటం
cheyinchatam,చేయించటం,చేయించటం
cheeyinchadam,చేయించడం,చేయించడం
cheyinchadam,చేయించడం,చేయించడం
chaeyimchi,చేయించి,చేయించి
cheeyinchi,చేయించి,చేయించి
cheinchi,చేయించి,చేయించి
chaeyimchina,చేయించిన,చేయించిన
cheeyinchina,చేయించిన,చేయించిన
cheinchina,చేయించిన,చేయించిన
cheeyinchee,చేయించే,చేయించే
cheinche,చేయించే,చేయించే
cheyinche,చేయించే,చేయించే
chaeyu,చేయు,చేయు
cheeyu,చేయు,చేయు
cheyu,చేయు,చేయు
chaeyuchu,చేయుచు,చేయుచు
cheeyuchu,చేయుచు,చేయుచు
cheyuchu,చేయుచు,చేయుచు
chaeyunu,చేయును,చేయును
cheyunu,చేయును,చేయును
cheyuvaru,చేయువారు,చేయువారు
cheeratam,చేరటం,చేరటం
cheratam,చేరటం,చేరటం
chaeraa,చేరా,చేరా
chera,చేరా,చేరా
chaeraadani,చేరాడని,చేరాడని
cheeraadani,చేరాడని,చేరాడని
cheradani,చేరాడని,చేరాడని
cheraru,చేరారు,చేరారు
chaerukunna,చేరుకున్న,చేరుకున్న
cherukunna,చేరుకున్న,చేరుకున్న
chaerutunna,చేరుతున్న,చేరుతున్న
cheruthunna,చేరుతున్న,చేరుతున్న
cheeseevi,చేసేవి,చేసేవి
chesevi,చేసేవి,చేసేవి
cheestaam,చేస్తాం,చేస్తాం
chestaam,చేస్తాం,చేస్తాం
chesthaam,చేస్తాం,చేస్తాం
chestondani,చేస్తోందని,చేస్తోందని
chotuku,చోటుకు,చోటుకు
chalenger,ఛాలెంజర్,ఛాలెంజర్
challenger,ఛాలెంజర్,ఛాలెంజర్
challenjer,ఛాలెంజర్,ఛాలెంజర్
jaganmaatha,జగన్మాత,జగన్మాత
japaanu,జపాను,జపాను
germanlu,జర్మన్లు,జర్మన్లు
jarmanlu,జర్మన్లు,జర్మన్లు
jalaalu,జలాలు,జలాలు
jaagu,జాగు,జాగు
jagu,జాగు,జాగు
jaatheeyodhyamam,జాతీయోద్యమం,జాతీయోద్యమం
jaatiiyoodyamam,జాతీయోద్యమం,జాతీయోద్యమం
jaanapadhula,జానపదుల,జానపదుల
jayin,జాయిన్,జాయిన్
jaarii,జారీ,జారీ
jigurunu,జిగురును,జిగురును
jimmy,జిమ్మీ,జిమ్మీ
jiraafii,జిరాఫీ,జిరాఫీ
jiraaphii,జిరాఫీ,జిరాఫీ
jeense,జీన్స్,జీన్స్
junior,జూనియర్,జూనియర్
juunior,జూనియర్,జూనియర్
zunior,జూనియర్,జూనియర్
jennee,జెన్నీ,జెన్నీ
jenny,జెన్నీ,జెన్నీ
zenny,జెన్నీ,జెన్నీ
jessi,జెస్సీ,జెస్సీ
jyoothisha,జ్యోతిష,జ్యోతిష
jyootisha,జ్యోతిష,జ్యోతిష
jyoothsna,జ్యోత్స్న,జ్యోత్స్న
jyootsna,జ్యోత్స్న,జ్యోత్స్న
jyotsna,జ్యోత్స్న,జ్యోత్స్న
jvaramthoo,జ్వరంతో,జ్వరంతో
jvaramtoo,జ్వరంతో,జ్వరంతో
ticketlanu,టికెట్లను,టికెట్లను
timer,టైమర్,టైమర్
traavel,ట్రావెల్,ట్రావెల్
travel,ట్రావెల్,ట్రావెల్
doctoru,డాక్టరు,డాక్టరు
dick,డిక్,డిక్
dicq,డిక్,డిక్
degreela,డిగ్రీల,డిగ్రీల
depaarture,డిపార్చర్,డిపార్చర్
departchar,డిపార్చర్,డిపార్చర్
departure,డిపార్చర్,డిపార్చర్
dim,డిమ్,డిమ్
taginanta,తగినంత,తగినంత
thaginantha,తగినంత,తగినంత
taginavi,తగినవి,తగినవి
thaginavi,తగినవి,తగినవి
thattukune,తట్టుకునే,తట్టుకునే
tadichi,తడిచి,తడిచి
thadichi,తడిచి,తడిచి
tatvavaetta,తత్వవేత్త,తత్వవేత్త
thathvavetha,తత్వవేత్త,తత్వవేత్త
thathvavettha,తత్వవేత్త,తత్వవేత్త
tatvavaettagaa,తత్వవేత్తగా,తత్వవేత్తగా
tatvavaettalu,తత్వవేత్తలు,తత్వవేత్తలు
tatvavettalu,తత్వవేత్తలు,తత్వవేత్తలు
tadanamtara,తదనంతర,తదనంతర
tadanantara,తదనంతర,తదనంతర
tanakuu,తనకూ,తనకూ
thanakuu,తనకూ,తనకూ
tanaviga,తనవిగా,తనవిగా
thanaviga,తనవిగా,తనవిగా
tanikhii,తనిఖీ,తనిఖీ
tanikhiilu,తనిఖీలు,తనిఖీలు
tannina,తన్నిన,తన్నిన
thannina,తన్నిన,తన్నిన
tappinchu,తప్పించు,తప్పించు
thappinchu,తప్పించు,తప్పించు
tamaku,తమకు,తమకు
thamaku,తమకు,తమకు
thayaaraithee,తయారైతే,తయారైతే
tayaraina,తయారైన,తయారైన
thayaaraina,తయారైన,తయారైన
thayaaryna,తయారైన,తయారైన
tara,తర,తర
thara,తర,తర
tarangalanu,తరంగాలను,తరంగాలను
tharamgaalanu,తరంగాలను,తరంగాలను
taraalu,తరాలు,తరాలు
taralu,తరాలు,తరాలు
tharaalu,తరాలు,తరాలు
tarimchina,తరించిన,తరించిన
tarinchina,తరించిన,తరించిన
tharuvaathi,తరువాతి,తరువాతి
tharka,తర్క,తర్క
thalapimchey,తలపించే,తలపించే
thalapinche,తలపించే,తలపించే
thalapinchee,తలపించే,తలపించే
thaleththi,తలెత్తి,తలెత్తి
thaletthi,తలెత్తి,తలెత్తి
tavvimchina,తవ్వించిన,తవ్వించిన
thavvinchina,తవ్వించిన,తవ్వించిన
tavvina,తవ్విన,తవ్విన
thavvina,తవ్విన,తవ్విన
tavvae,తవ్వే,తవ్వే
taamdava,తాండవ,తాండవ
taandava,తాండవ,తాండవ
thaandava,తాండవ,తాండవ
taagadam,తాగడం,తాగడం
thaagadam,తాగడం,తాగడం
taagaalani,తాగాలని,తాగాలని
thaagaalani,తాగాలని,తాగాలని
taagindi,తాగింది,తాగింది
thaagimdi,తాగింది,తాగింది
thaagindhi,తాగింది,తాగింది
taagubotula,తాగుబోతుల,తాగుబోతుల
taati,తాటి,తాటి
thaati,తాటి,తాటి
taataaraavu,తాతారావు,తాతారావు
thaathaaraavu,తాతారావు,తాతారావు
thaathaaravu,తాతారావు,తాతారావు
taanugaa,తానుగా,తానుగా
thaanugaa,తానుగా,తానుగా
taanunu,తానును,తానును
thaanunu,తానును,తానును
taamaraaku,తామరాకు,తామరాకు
thaamaraaku,తామరాకు,తామరాకు
taamugaa,తాముగా,తాముగా
thaamugaa,తాముగా,తాముగా
taaranu,తారను,తారను
thaaranu,తారను,తారను
thaaralugaa,తారలుగా,తారలుగా
taalhapatra,తాళపత్ర,తాళపత్ర
thiththula,తిత్తుల,తిత్తుల
thitthula,తిత్తుల,తిత్తుల
tittula,తిత్తుల,తిత్తుల
thippagaanae,తిప్పగానే,తిప్పగానే
thippagaane,తిప్పగానే,తిప్పగానే
thippagaanee,తిప్పగానే,తిప్పగానే
thippadam,తిప్పడం,తిప్పడం
tippadam,తిప్పడం,తిప్పడం
thippalu,తిప్పలు,తిప్పలు
thippaali,తిప్పాలి,తిప్పాలి
tippaali,తిప్పాలి,తిప్పాలి
thippina,తిప్పిన,తిప్పిన
tippina,తిప్పిన,తిప్పిన
thimmana,తిమ్మన,తిమ్మన
timmana,తిమ్మన,తిమ్మన
theeraa,తీరా,తీరా
theeraala,తీరాల,తీరాల
theerala,తీరాల,తీరాల
theerindhi,తీరింది,తీరింది
theerindi,తీరింది,తీరింది
thirindi,తీరింది,తీరింది
tirindi,తీరింది,తీరింది
theerina,తీరిన,తీరిన
tisukokunda,తీసుకోకుండా,తీసుకోకుండా
theesukoogaa,తీసుకోగా,తీసుకోగా
tiisukoegaa,తీసుకోగా,తీసుకోగా
thisukogaane,తీసుకోగానే,తీసుకోగానే
tisukogaane,తీసుకోగానే,తీసుకోగానే
theesukoovalasi,తీసుకోవలసి,తీసుకోవలసి
thurumu,తురుము,తురుము
turumu,తురుము,తురుము
teranu,తెరను,తెరను
terapaina,తెరపైన,తెరపైన
telamgaanhaku,తెలంగాణకు,తెలంగాణకు
telusu,తెలుసు,తెలుసు
thelusu,తెలుసు,తెలుసు
thelusukoovatam,తెలుసుకోవటం,తెలుసుకోవటం
thelusukovatam,తెలుసుకోవటం,తెలుసుకోవటం
thejasvini,తేజస్విని,తేజస్విని
theta,తేట,తేట
teelchaali,తేల్చాలి,తేల్చాలి
teelchindi,తేల్చింది,తేల్చింది
telchindi,తేల్చింది,తేల్చింది
thelchindi,తేల్చింది,తేల్చింది
tevadam,తేవడం,తేవడం
tholinaalhlhaloo,తొలినాళ్ళలో,తొలినాళ్ళలో
tolinaalhlhaloe,తొలినాళ్ళలో,తొలినాళ్ళలో
thooluku,తోలుకు,తోలుకు
toeluku,తోలుకు,తోలుకు
thyaagam,త్యాగం,త్యాగం
tyaagam,త్యాగం,త్యాగం
tyagam,త్యాగం,త్యాగం
thravvakam,త్రవ్వకం,త్రవ్వకం
travvakam,త్రవ్వకం,త్రవ్వకం
dagaa,దగా,దగా
dayaanamda,దయానంద,దయానంద
dayaananda,దయానంద,దయానంద
dhayaananda,దయానంద,దయానంద
dayyaalu,దయ్యాలు,దయ్యాలు
dayyalu,దయ్యాలు,దయ్యాలు
davada,దవడ,దవడ
davadalu,దవడలు,దవడలు
dhavadalu,దవడలు,దవడలు
dasaabdaalu,దశాబ్దాలు,దశాబ్దాలు
dasabdalu,దశాబ్దాలు,దశాబ్దాలు
dhashaabdhaalu,దశాబ్దాలు,దశాబ్దాలు
dhaampatya,దాంపత్య,దాంపత్య
daadi,దాడి,దాడి
dhadi,దాడి,దాడి
daadiki,దాడికి,దాడికి
dhadiki,దాడికి,దాడికి
daadilo,దాడిలో,దాడిలో
daadiloo,దాడిలో,దాడిలో
dhadilo,దాడిలో,దాడిలో
daathalu,దాతలు,దాతలు
daariki,దారికి,దారికి
dhaariki,దారికి,దారికి
daarina,దారిన,దారిన
dhaarina,దారిన,దారిన
daariloo,దారిలో,దారిలో
daariloni,దారిలోని,దారిలోని
daarilone,దారిలోనే,దారిలోనే
daariloone,దారిలోనే,దారిలోనే
daar,దార్,దార్
daasee,దాసీ,దాసీ
daasii,దాసీ,దాసీ
digadam,దిగడం,దిగడం
dhigabadina,దిగబడిన,దిగబడిన
digabadina,దిగబడిన,దిగబడిన
dhigaadu,దిగాడు,దిగాడు
dhigaaru,దిగారు,దిగారు
dhigindhi,దిగింది,దిగింది
digindhi,దిగింది,దిగింది
digindi,దిగింది,దిగింది
divya,దివ్య,దివ్య
dhivyamaina,దివ్యమైన,దివ్యమైన
divyamaina,దివ్యమైన,దివ్యమైన
divyamyna,దివ్యమైన,దివ్యమైన
dhishaa,దిశా,దిశా
dishaa,దిశా,దిశా
deeniki,దీనికి,దీనికి
dheeniki,దీనికి,దీనికి
deepala,దీపాల,దీపాల
dheepaala,దీపాల,దీపాల
diipaala,దీపాల,దీపాల
deepaalathoo,దీపాలతో,దీపాలతో
deepalato,దీపాలతో,దీపాలతో
dheepaalatho,దీపాలతో,దీపాలతో
dhusthithi,దుస్థితి,దుస్థితి
dusthithi,దుస్థితి,దుస్థితి
dhuki,దూకి,దూకి
dhoopa,దూప,దూప
dhupa,దూప,దూప
drukkoonam,దృక్కోణం,దృక్కోణం
debbathinna,దెబ్బతిన్న,దెబ్బతిన్న
dhebbathinna,దెబ్బతిన్న,దెబ్బతిన్న
daeniki,దేనికి,దేనికి
deniki,దేనికి,దేనికి
daennii,దేన్నీ,దేన్నీ
devatalu,దేవతలు,దేవతలు
deevaalayam,దేవాలయం,దేవాలయం
deevaalayampai,దేవాలయంపై,దేవాలయంపై
dheevaalayampai,దేవాలయంపై,దేవాలయంపై
deeshamaina,దేశమైన,దేశమైన
desamaina,దేశమైన,దేశమైన
deshamaina,దేశమైన,దేశమైన
deeshaanni,దేశాన్ని,దేశాన్ని
desanni,దేశాన్ని,దేశాన్ని
dheshaanni,దేశాన్ని,దేశాన్ని
deeshi,దేశి,దేశి
dheshi,దేశి,దేశి
dongaku,దొంగకు,దొంగకు
dongagaa,దొంగగా,దొంగగా
dongatanaala,దొంగతనాల,దొంగతనాల
dongathanaala,దొంగతనాల,దొంగతనాల
dongani,దొంగని,దొంగని
dongalaa,దొంగలా,దొంగలా
dongalu,దొంగలు,దొంగలు
dongaa,దొంగా,దొంగా
dhraakshaloo,ద్రాక్షలో,ద్రాక్షలో
drakshalo,ద్రాక్షలో,ద్రాక్షలో
draupathi,ద్రౌపతి,ద్రౌపతి
draupati,ద్రౌపతి,ద్రౌపతి
droupathi,ద్రౌపతి,ద్రౌపతి
draupadito,ద్రౌపదితో,ద్రౌపదితో
dvaarakaa,ద్వారకా,ద్వారకా
dwaarakaa,ద్వారకా,ద్వారకా
dveepa,ద్వీప,ద్వీప
dvepa,ద్వీప,ద్వీప
dweepa,ద్వీప,ద్వీప
dharalu,ధరలు,ధరలు
dharisthoo,ధరిస్తూ,ధరిస్తూ
dharistu,ధరిస్తూ,ధరిస్తూ
dhaarmika,ధార్మిక,ధార్మిక
dhyaanamu,ధ్యానము,ధ్యానము
dhyanamu,ధ్యానము,ధ్యానము
dhyaaninchi,ధ్యానించి,ధ్యానించి
dhyaaninchuchu,ధ్యానించుచు,ధ్యానించుచు
nandhuku,నందుకు,నందుకు
nanduku,నందుకు,నందుకు
nacchi,నచ్చి,నచ్చి
nachhi,నచ్చి,నచ్చి
nachi,నచ్చి,నచ్చి
nachee,నచ్చే,నచ్చే
nachhe,నచ్చే,నచ్చే
natisthune,నటిస్తూనే,నటిస్తూనే
natulu,నటులు,నటులు
nadachi,నడచి,నడచి
nadachina,నడచిన,నడచిన
nadimi,నడిమి,నడిమి
naduchu,నడుచు,నడుచు
nadhini,నదిని,నదిని
nadhilooki,నదిలోకి,నదిలోకి
nammaru,నమ్మరు,నమ్మరు
nammi,నమ్మి,నమ్మి
nammika,నమ్మిక,నమ్మిక
nayam,నయం,నయం
narasimgaraavu,నరసింగరావు,నరసింగరావు
narasingaraavu,నరసింగరావు,నరసింగరావు
narasingarao,నరసింగరావు,నరసింగరావు
nala,నల,నల
naludu,నలుడు,నలుడు
nalumuulalaa,నలుమూలలా,నలుమూలలా
nalgonda,నల్గొండ,నల్గొండ
navambaru,నవంబరు,నవంబరు
navi,నవి,నవి
naatadam,నాటడం,నాటడం
naate,నాటే,నాటే
naateenduku,నాటేందుకు,నాటేందుకు
naatendhuku,నాటేందుకు,నాటేందుకు
naanudi,నానుడి,నానుడి
naayaku,నాయకు,నాయకు
nayaku,నాయకు,నాయకు
naayakudi,నాయకుడి,నాయకుడి
nayakudi,నాయకుడి,నాయకుడి
naaloe,నాలో,నాలో
naaloo,నాలో,నాలో
nalo,నాలో,నాలో
naastika,నాస్తిక,నాస్తిక
nikshiptam,నిక్షిప్తం,నిక్షిప్తం
nikshiptham,నిక్షిప్తం,నిక్షిప్తం
nicchena,నిచ్చెన,నిచ్చెన
nichchena,నిచ్చెన,నిచ్చెన
nijaayathee,నిజాయతీ,నిజాయతీ
nimushaala,నిముషాల,నిముషాల
nimushala,నిముషాల,నిముషాల
nimushaalaku,నిముషాలకు,నిముషాలకు
nimushalaku,నిముషాలకు,నిముషాలకు
nirodhakata,నిరోధకత,నిరోధకత
niroodhakata,నిరోధకత,నిరోధకత
nirdhaarinchadam,నిర్ధారించడం,నిర్ధారించడం
nirdharinchadam,నిర్ధారించడం,నిర్ధారించడం
nirdhaarimchae,నిర్ధారించే,నిర్ధారించే
nirdhaarinche,నిర్ధారించే,నిర్ధారించే
nirdharinche,నిర్ధారించే,నిర్ధారించే
nirmimpa,నిర్మింప,నిర్మింప
nirmulinchi,నిర్మూలించి,నిర్మూలించి
nirmuulinchi,నిర్మూలించి,నిర్మూలించి
nirvachimchadam,నిర్వచించడం,నిర్వచించడం
nirvachinchadam,నిర్వచించడం,నిర్వచించడం
nirvachimchina,నిర్వచించిన,నిర్వచించిన
nirvachinchina,నిర్వచించిన,నిర్వచించిన
nirvachimchae,నిర్వచించే,నిర్వచించే
nirvachinche,నిర్వచించే,నిర్వచించే
nivaasamaina,నివాసమైన,నివాసమైన
nivasamaina,నివాసమైన,నివాసమైన
nivaasaalu,నివాసాలు,నివాసాలు
nivasalu,నివాసాలు,నివాసాలు
nivaasi,నివాసి,నివాసి
nischita,నిశ్చిత,నిశ్చిత
nishedhinchadam,నిషేధించడం,నిషేధించడం
nishedhinchi,నిషేధించి,నిషేధించి
nishedhinche,నిషేధించే,నిషేధించే
niiluni,నీలుని,నీలుని
nunchuni,నుంచుని,నుంచుని
nundi,నుండి,నుండి
nundina,నుండిన,నుండిన
noothanamga,నూతనంగా,నూతనంగా
nuuthanamgaa,నూతనంగా,నూతనంగా
nelakonna,నెలకొన్న,నెలకొన్న
neenantee,నేనంటే,నేనంటే
neenai,నేనై,నేనై
nenai,నేనై,నేనై
neerangaa,నేరంగా,నేరంగా
neramga,నేరంగా,నేరంగా
neramgaa,నేరంగా,నేరంగా
neredu,నేరేడు,నేరేడు
naelapaina,నేలపైన,నేలపైన
neelapaina,నేలపైన,నేలపైన
nailaan,నైలాన్,నైలాన్
noota,నోట,నోట
nota,నోట,నోట
noobul,నోబుల్,నోబుల్
nomu,నోము,నోము
naukaayaana,నౌకాయాన,నౌకాయాన
noukaayaana,నౌకాయాన,నౌకాయాన
nowkaayaana,నౌకాయాన,నౌకాయాన
panchakamu,పంచకము,పంచకము
punchakamu,పంచకము,పంచకము
panchaaraama,పంచారామ,పంచారామ
panchaaraamaalu,పంచారామాలు,పంచారామాలు
pandaka,పండక,పండక
pandagaa,పండగా,పండగా
pakkuna,పక్కున,పక్కున
pakshaala,పక్షాల,పక్షాల
pakshala,పక్షాల,పక్షాల
pagadaalu,పగడాలు,పగడాలు
pacchiga,పచ్చిగా,పచ్చిగా
pachchigaane,పచ్చిగానే,పచ్చిగానే
pattanha,పట్టణ,పట్టణ
pattina,పట్టిన,పట్టిన
padadhu,పడదు,పడదు
pathra,పత్ర,పత్ర
patra,పత్ర,పత్ర
pathrikalaku,పత్రికలకు,పత్రికలకు
patrikalaku,పత్రికలకు,పత్రికలకు
patrikalathoo,పత్రికలతో,పత్రికలతో
patrikalatoe,పత్రికలతో,పత్రికలతో
patrikaluu,పత్రికలూ,పత్రికలూ
padamuudava,పదమూడవ,పదమూడవ
padhamoodava,పదమూడవ,పదమూడవ
padhilangaa,పదిలంగా,పదిలంగా
padilangaa,పదిలంగా,పదిలంగా
padhyam,పద్యం,పద్యం
padyam,పద్యం,పద్యం
panitanam,పనితనం,పనితనం
panithanam,పనితనం,పనితనం
pannaagam,పన్నాగం,పన్నాగం
parachaaru,పరచారు,పరచారు
parachaalani,పరచాలని,పరచాలని
parachi,పరచి,పరచి
parachimdi,పరచింది,పరచింది
parachindi,పరచింది,పరచింది
parabhaasha,పరభాష,పరభాష
paramaathmanu,పరమాత్మను,పరమాత్మను
paramaatmanu,పరమాత్మను,పరమాత్మను
paramaatmanae,పరమాత్మనే,పరమాత్మనే
paramaatmanee,పరమాత్మనే,పరమాత్మనే
paramaatmaa,పరమాత్మా,పరమాత్మా
parikaramu,పరికరము,పరికరము
parinhaamaalu,పరిణామాలు,పరిణామాలు
paribhramanam,పరిభ్రమణం,పరిభ్రమణం
parirakshimchae,పరిరక్షించే,పరిరక్షించే
parirakshinchee,పరిరక్షించే,పరిరక్షించే
parishuddamaina,పరిశుద్ధమైన,పరిశుద్ధమైన
parisuddhamaina,పరిశుద్ధమైన,పరిశుద్ధమైన
paruchoori,పరుచూరి,పరుచూరి
paruchuri,పరుచూరి,పరుచూరి
paruchuuri,పరుచూరి,పరుచూరి
parvam,పర్వం,పర్వం
pallakiloe,పల్లకిలో,పల్లకిలో
paamditya,పాండిత్య,పాండిత్య
paandithya,పాండిత్య,పాండిత్య
paamdityam,పాండిత్యం,పాండిత్యం
paandithyam,పాండిత్యం,పాండిత్యం
paamdu,పాండు,పాండు
paakshika,పాక్షిక,పాక్షిక
paatar,పాటర్,పాటర్
pattar,పాటర్,పాటర్
patter,పాటర్,పాటర్
pottar,పాటర్,పాటర్
potter,పాటర్,పాటర్
paadina,పాడిన,పాడిన
paadukune,పాడుకునే,పాడుకునే
padukune,పాడుకునే,పాడుకునే
paara,పార,పార
paaramparya,పారంపర్య,పారంపర్య
paaraayana,పారాయణ,పారాయణ
paaraayanha,పారాయణ,పారాయణ
paaraayanam,పారాయణం,పారాయణం
paaraayanham,పారాయణం,పారాయణం
paaraayanamu,పారాయణము,పారాయణము
paaraayanhamu,పారాయణము,పారాయణము
paarindhi,పారింది,పారింది
paarindi,పారింది,పారింది
paarudala,పారుదల,పారుదల
palapuntha,పాలపుంత,పాలపుంత
paalpadatam,పాల్పడటం,పాల్పడటం
paasaina,పాసైన,పాసైన
paastaa,పాస్తా,పాస్తా
pikka,పిక్క,పిక్క
pithaamaha,పితామహ,పితామహ
pillar,పిల్లర్,పిల్లర్
piller,పిల్లర్,పిల్లర్
punthalu,పుంతలు,పుంతలు
puttee,పుట్టే,పుట్టే
punaraavaasa,పునరావాస,పునరావాస
punaraavaasam,పునరావాసం,పునరావాసం
punaruddarinchadam,పునరుద్ధరించడం,పునరుద్ధరించడం
punaruddharinchadam,పునరుద్ధరించడం,పునరుద్ధరించడం
punaruddharinchi,పునరుద్ధరించి,పునరుద్ధరించి
punaruddharinche,పునరుద్ధరించే,పునరుద్ధరించే
punaruddharinchee,పునరుద్ధరించే,పునరుద్ధరించే
punarnirmaanha,పునర్నిర్మాణ,పునర్నిర్మాణ
purapaalaka,పురపాలక,పురపాలక
purapalaka,పురపాలక,పురపాలక
puraanamu,పురాణము,పురాణము
puraanhamu,పురాణము,పురాణము
puraatanamaina,పురాతనమైన,పురాతనమైన
puraathanamaina,పురాతనమైన,పురాతనమైన
puratanamaina,పురాతనమైన,పురాతనమైన
purathanamaina,పురాతనమైన,పురాతనమైన
puvvula,పువ్వుల,పువ్వుల
puvvulatho,పువ్వులతో,పువ్వులతో
puvvulathoo,పువ్వులతో,పువ్వులతో
puvvulato,పువ్వులతో,పువ్వులతో
puvvulalo,పువ్వులలో,పువ్వులలో
puvvulaloo,పువ్వులలో,పువ్వులలో
pushya,పుష్య,పుష్య
poojalalo,పూజలలో,పూజలలో
poojimchadam,పూజించడం,పూజించడం
poojinchadam,పూజించడం,పూజించడం
puujinchadam,పూజించడం,పూజించడం
poojimchina,పూజించిన,పూజించిన
poojinchina,పూజించిన,పూజించిన
puujinchina,పూజించిన,పూజించిన
poojinpa,పూజింప,పూజింప
puujimpa,పూజింప,పూజింప
poodika,పూడిక,పూడిక
pudika,పూడిక,పూడిక
puudika,పూడిక,పూడిక
poorithamaina,పూరితమైన,పూరితమైన
poosi,పూసి,పూసి
puusi,పూసి,పూసి
pempudu,పెంపుడు,పెంపుడు
penpudu,పెంపుడు,పెంపుడు
pekku,పెక్కు,పెక్కు
petteloe,పెట్టెలో,పెట్టెలో
petteloo,పెట్టెలో,పెట్టెలో
peduthundagaa,పెడుతుండగా,పెడుతుండగా
pedutundagaa,పెడుతుండగా,పెడుతుండగా
penamloe,పెనంలో,పెనంలో
pennii,పెన్నీ,పెన్నీ
pennulu,పెన్నులు,పెన్నులు
pepsii,పెప్సీ,పెప్సీ
perugudala,పెరుగుదల,పెరుగుదల
perugudalato,పెరుగుదలతో,పెరుగుదలతో
perugudalatoe,పెరుగుదలతో,పెరుగుదలతో
paerennika,పేరెన్నిక,పేరెన్నిక
perennika,పేరెన్నిక,పేరెన్నిక
paerlaku,పేర్లకు,పేర్లకు
perlaku,పేర్లకు,పేర్లకు
paerlathoo,పేర్లతో,పేర్లతో
paerlato,పేర్లతో,పేర్లతో
paerlanu,పేర్లను,పేర్లను
paerlalo,పేర్లలో,పేర్లలో
paerlaloo,పేర్లలో,పేర్లలో
paipulu,పైపులు,పైపులు
pomdaali,పొందాలి,పొందాలి
pondaali,పొందాలి,పొందాలి
pondhaali,పొందాలి,పొందాలి
pomdinavi,పొందినవి,పొందినవి
pondinavi,పొందినవి,పొందినవి
pondutaam,పొందుతాం,పొందుతాం
pondutunna,పొందుతున్న,పొందుతున్న
pondhee,పొందే,పొందే
pottaloo,పొట్టలో,పొట్టలో
polamloe,పొలంలో,పొలంలో
polaala,పొలాల,పొలాల
polaalaku,పొలాలకు,పొలాలకు
poenichchadu,పోనిచ్చాడు,పోనిచ్చాడు
pooyaaraa,పోయారా,పోయారా
pooshinche,పోషించే,పోషించే
pooshinchee,పోషించే,పోషించే
prajaadaranha,ప్రజాదరణ,ప్రజాదరణ
prataapa,ప్రతాప,ప్రతాప
prathaapa,ప్రతాప,ప్రతాప
prataapam,ప్రతాపం,ప్రతాపం
prathaapam,ప్రతాపం,ప్రతాపం
prataaparudra,ప్రతాపరుద్ర,ప్రతాపరుద్ర
prathaaparudhra,ప్రతాపరుద్ర,ప్రతాపరుద్ర
prathifalam,ప్రతిఫలం,ప్రతిఫలం
prathiphalam,ప్రతిఫలం,ప్రతిఫలం
prathifalangaa,ప్రతిఫలంగా,ప్రతిఫలంగా
prathibimba,ప్రతిబింబ,ప్రతిబింబ
prathibinba,ప్రతిబింబ,ప్రతిబింబ
pratibimba,ప్రతిబింబ,ప్రతిబింబ
pratibimbam,ప్రతిబింబం,ప్రతిబింబం
pradaesamae,ప్రదేశమే,ప్రదేశమే
pradhaanamgaa,ప్రధానంగా,ప్రధానంగా
pradhaanamaina,ప్రధానమైన,ప్రధానమైన
pradhaanamiena,ప్రధానమైన,ప్రధానమైన
pradhanamyna,ప్రధానమైన,ప్రధానమైన
pramaanha,ప్రమాణ,ప్రమాణ
pramaanhamu,ప్రమాణము,ప్రమాణము
pramaanhaalloe,ప్రమాణాల్లో,ప్రమాణాల్లో
pramanaalloo,ప్రమాణాల్లో,ప్రమాణాల్లో
prayaaninchae,ప్రయాణించే,ప్రయాణించే
prayaninchey,ప్రయాణించే,ప్రయాణించే
pravrtti,ప్రవృత్తి,ప్రవృత్తి
pravrutti,ప్రవృత్తి,ప్రవృత్తి
pravesamu,ప్రవేశము,ప్రవేశము
praveshamu,ప్రవేశము,ప్రవేశము
praveshinchakunda,ప్రవేశించకుండా,ప్రవేశించకుండా
pravesinchakunda,ప్రవేశించకుండా,ప్రవేశించకుండా
pravaesinchi,ప్రవేశించి,ప్రవేశించి
praveshinchi,ప్రవేశించి,ప్రవేశించి
pravesinchi,ప్రవేశించి,ప్రవేశించి
pravaesinchina,ప్రవేశించిన,ప్రవేశించిన
praveshinchina,ప్రవేశించిన,ప్రవేశించిన
pravesinchina,ప్రవేశించిన,ప్రవేశించిన
pravaesinchu,ప్రవేశించు,ప్రవేశించు
praveshinchu,ప్రవేశించు,ప్రవేశించు
pravesinchu,ప్రవేశించు,ప్రవేశించు
pravaesinchae,ప్రవేశించే,ప్రవేశించే
praveshinche,ప్రవేశించే,ప్రవేశించే
pravesinche,ప్రవేశించే,ప్రవేశించే
prasaadaraavu,ప్రసాదరావు,ప్రసాదరావు
prasadarao,ప్రసాదరావు,ప్రసాదరావు
prasaaraala,ప్రసారాల,ప్రసారాల
prasaaraalaku,ప్రసారాలకు,ప్రసారాలకు
prasaaraalu,ప్రసారాలు,ప్రసారాలు
praana,ప్రాణ,ప్రాణ
praanamu,ప్రాణము,ప్రాణము
prananni,ప్రాణాన్ని,ప్రాణాన్ని
praanaalatho,ప్రాణాలతో,ప్రాణాలతో
praanaalato,ప్రాణాలతో,ప్రాణాలతో
praathipadhikagaa,ప్రాతిపదికగా,ప్రాతిపదికగా
praatipadikagaa,ప్రాతిపదికగా,ప్రాతిపదికగా
praathipadhikana,ప్రాతిపదికన,ప్రాతిపదికన
praatipadikana,ప్రాతిపదికన,ప్రాతిపదికన
praathipadhikapai,ప్రాతిపదికపై,ప్రాతిపదికపై
praatipadikapai,ప్రాతిపదికపై,ప్రాతిపదికపై
praatipadikapie,ప్రాతిపదికపై,ప్రాతిపదికపై
praapthiki,ప్రాప్తికి,ప్రాప్తికి
praaptiki,ప్రాప్తికి,ప్రాప్తికి
praaptini,ప్రాప్తిని,ప్రాప్తిని
praayamaina,ప్రాయమైన,ప్రాయమైన
praayamiena,ప్రాయమైన,ప్రాయమైన
praayamina,ప్రాయమైన,ప్రాయమైన
prench,ప్రెంచ్,ప్రెంచ్
falitam,ఫలితం,ఫలితం
falitham,ఫలితం,ఫలితం
phalitam,ఫలితం,ఫలితం
phalitham,ఫలితం,ఫలితం
phaaloo,ఫాలో,ఫాలో
phaloo,ఫాలో,ఫాలో
phibravari,ఫిబ్రవరి,ఫిబ్రవరి
phud,ఫుడ్,ఫుడ్
fel,ఫెల్,ఫెల్
bangaa,బంగా,బంగా
batuku,బతుకు,బతుకు
batukae,బతుకే,బతుకే
bayatapadi,బయటపడి,బయటపడి
balagaala,బలగాల,బలగాల
balagaalaku,బలగాలకు,బలగాలకు
balagaalathoo,బలగాలతో,బలగాలతో
balagaalato,బలగాలతో,బలగాలతో
balagaalatoe,బలగాలతో,బలగాలతో
balagaalanu,బలగాలను,బలగాలను
balahiinata,బలహీనత,బలహీనత
balahinata,బలహీనత,బలహీనత
balishtamaina,బలిష్టమైన,బలిష్టమైన
ballapai,బల్లపై,బల్లపై
bahishkarinchadam,బహిష్కరించడం,బహిష్కరించడం
bahishkaristhu,బహిష్కరిస్తూ,బహిష్కరిస్తూ
bahishkaristu,బహిష్కరిస్తూ,బహిష్కరిస్తూ
bahishkaristuu,బహిష్కరిస్తూ,బహిష్కరిస్తూ
bahubhaashaa,బహుభాషా,బహుభాషా
bahurupa,బహురూప,బహురూప
bahuruupa,బహురూప,బహురూప
baaksaapheesu,బాక్సాఫీసు,బాక్సాఫీసు
baaksaaphisu,బాక్సాఫీసు,బాక్సాఫీసు
bagamathi,బాగమతి,బాగమతి
baguga,బాగుగా,బాగుగా
bagunnara,బాగున్నారా,బాగున్నారా
baaji,బాజీ,బాజీ
baapooji,బాపూజీ,బాపూజీ
baapuujii,బాపూజీ,బాపూజీ
baavaa,బావా,బావా
baasatagaa,బాసటగా,బాసటగా
bijeegaa,బిజీగా,బిజీగా
bijiigaa,బిజీగా,బిజీగా
biiru,బీరు,బీరు
biru,బీరు,బీరు
bucchi,బుచ్చి,బుచ్చి
buchchi,బుచ్చి,బుచ్చి
buddha,బుద్ధ,బుద్ధ
buuddha,బుద్ధ,బుద్ధ
buddhaa,బుద్ధా,బుద్ధా
buddhudi,బుద్ధుడి,బుద్ధుడి
buddhudu,బుద్ధుడు,బుద్ధుడు
buddhuni,బుద్ధుని,బుద్ధుని
bullodu,బుల్లోడు,బుల్లోడు
bootakapu,బూటకపు,బూటకపు
butakapu,బూటకపు,బూటకపు
buutakapu,బూటకపు,బూటకపు
baedi,బేడి,బేడి
baedii,బేడీ,బేడీ
baetaalhudu,బేతాళుడు,బేతాళుడు
baesi,బేసి,బేసి
bommanu,బొమ్మను,బొమ్మను
bommalaata,బొమ్మలాట,బొమ్మలాట
bommalo,బొమ్మలో,బొమ్మలో
bommaloo,బొమ్మలో,బొమ్మలో
bommalloo,బొమ్మల్లో,బొమ్మల్లో
bollaapalli,బొల్లాపల్లి,బొల్లాపల్లి
bodhimchadam,బోధించడం,బోధించడం
bodhinchadam,బోధించడం,బోధించడం
bodhimchenu,బోధించెను,బోధించెను
brahmaanda,బ్రహ్మాండ,బ్రహ్మాండ
brahmaandamaina,బ్రహ్మాండమైన,బ్రహ్మాండమైన
bhayamuu,భయమూ,భయమూ
bharitha,భరిత,భరిత
bhawanaalaku,భవనాలకు,భవనాలకు
bhawanalaku,భవనాలకు,భవనాలకు
bhawanaalalo,భవనాలలో,భవనాలలో
bhawanalalo,భవనాలలో,భవనాలలో
bhaagam,భాగం,భాగం
bhagam,భాగం,భాగం
bhaagangaane,భాగంగానే,భాగంగానే
bhagamgaanay,భాగంగానే,భాగంగానే
bhaagaala,భాగాల,భాగాల
bhagala,భాగాల,భాగాల
bhaagaalaku,భాగాలకు,భాగాలకు
bhagalaku,భాగాలకు,భాగాలకు
bhaagaalathoo,భాగాలతో,భాగాలతో
bhaagaalatoe,భాగాలతో,భాగాలతో
bhagalatho,భాగాలతో,భాగాలతో
bhaagaalaloe,భాగాలలో,భాగాలలో
bhaagaalaloo,భాగాలలో,భాగాలలో
bhagalalo,భాగాలలో,భాగాలలో
bhagalay,భాగాలే,భాగాలే
bhaagaalaina,భాగాలైన,భాగాలైన
bhaaratadaesamu,భారతదేశము,భారతదేశము
bhaaratadesamu,భారతదేశము,భారతదేశము
bhaarati,భారతి,భారతి
bhaaratheeyula,భారతీయుల,భారతీయుల
bharathiyula,భారతీయుల,భారతీయుల
bhaaratheeyulapai,భారతీయులపై,భారతీయులపై
bharateeyulapai,భారతీయులపై,భారతీయులపై
bharatiiyulapai,భారతీయులపై,భారతీయులపై
bhavalanu,భావాలను,భావాలను
bhaashalloe,భాషల్లో,భాషల్లో
bhaashalloo,భాషల్లో,భాషల్లో
bhujangaraavu,భుజంగరావు,భుజంగరావు
bhoobhaagaalanu,భూభాగాలను,భూభాగాలను
bhuubhaagaalanu,భూభాగాలను,భూభాగాలను
bhuummeeda,భూమ్మీద,భూమ్మీద
bhuuloekamloe,భూలోకంలో,భూలోకంలో
bhauthikangaa,భౌతికంగా,భౌతికంగా
bhouthikamga,భౌతికంగా,భౌతికంగా
mamtapamu,మంటపము,మంటపము
mantapamu,మంటపము,మంటపము
mandalamu,మండలము,మండలము
manthrithva,మంత్రిత్వ,మంత్రిత్వ
mantritwa,మంత్రిత్వ,మంత్రిత్వ
mamda,మంద,మంద
mamdha,మంద,మంద
mamdamgaa,మందంగా,మందంగా
mamdhamgaa,మందంగా,మందంగా
mamdhamaina,మందమైన,మందమైన
mandhamaina,మందమైన,మందమైన
mamdhalu,మందలు,మందలు
mandhalu,మందలు,మందలు
mandhaara,మందార,మందార
mandhaaram,మందారం,మందారం
mandhugaa,మందుగా,మందుగా
mamduni,మందుని,మందుని
mandhuni,మందుని,మందుని
manduni,మందుని,మందుని
mamdulanu,మందులను,మందులను
mandulanu,మందులను,మందులను
mamdulu,మందులు,మందులు
mandulu,మందులు,మందులు
magavaalhlhu,మగవాళ్ళు,మగవాళ్ళు
magavaallu,మగవాళ్ళు,మగవాళ్ళు
maggam,మగ్గం,మగ్గం
maggaalu,మగ్గాలు,మగ్గాలు
magguthunna,మగ్గుతున్న,మగ్గుతున్న
maggutunna,మగ్గుతున్న,మగ్గుతున్న
macchika,మచ్చిక,మచ్చిక
machchika,మచ్చిక,మచ్చిక
matastula,మతస్తుల,మతస్తుల
mataachaaraalanu,మతాచారాలను,మతాచారాలను
mathaachaaraalanu,మతాచారాలను,మతాచారాలను
madraasuku,మద్రాసుకు,మద్రాసుకు
manasantaa,మనసంతా,మనసంతా
manasanthaa,మనసంతా,మనసంతా
manasuku,మనసుకు,మనసుకు
manasutho,మనసుతో,మనసుతో
manasutoe,మనసుతో,మనసుతో
manasuna,మనసున,మనసున
manasuni,మనసుని,మనసుని
manasunna,మనసున్న,మనసున్న
manasuloenae,మనసులోనే,మనసులోనే
manasulone,మనసులోనే,మనసులోనే
manugadaku,మనుగడకు,మనుగడకు
manugadalo,మనుగడలో,మనుగడలో
manugadaloe,మనుగడలో,మనుగడలో
manushya,మనుష్య,మనుష్య
manoomaya,మనోమయ,మనోమయ
mayooram,మయూరం,మయూరం
mayuuram,మయూరం,మయూరం
malachi,మలచి,మలచి
malamu,మలము,మలము
malayaalha,మలయాళ,మలయాళ
mashoochi,మశూచి,మశూచి
masoochi,మశూచి,మశూచి
mahaadevi,మహాదేవి,మహాదేవి
mahaadhevi,మహాదేవి,మహాదేవి
mahadevi,మహాదేవి,మహాదేవి
mahabharathamu,మహాభారతము,మహాభారతము
mahaalakshmi,మహాలక్ష్మి,మహాలక్ష్మి
mahaalaya,మహాలయ,మహాలయ
mahalaya,మహాలయ,మహాలయ
mahaavishnuvu,మహావిష్ణువు,మహావిష్ణువు
mahotsavam,మహోత్సవం,మహోత్సవం
maanthrika,మాంత్రిక,మాంత్రిక
maantrika,మాంత్రిక,మాంత్రిక
maana,మాన,మాన
maanusha,మానుష,మానుష
maafia,మాఫియా,మాఫియా
maarutee,మారుతీ,మారుతీ
maarutii,మారుతీ,మారుతీ
maaruthiravu,మారుతీరావు,మారుతీరావు
maruthirao,మారుతీరావు,మారుతీరావు
maargamlone,మార్గంలోనే,మార్గంలోనే
margamlone,మార్గంలోనే,మార్గంలోనే
maarchaadu,మార్చాడు,మార్చాడు
maarchaalani,మార్చాలని,మార్చాలని
maarchaenduku,మార్చేందుకు,మార్చేందుకు
maarchenduku,మార్చేందుకు,మార్చేందుకు
maarch,మార్చ్,మార్చ్
march,మార్చ్,మార్చ్
maart,మార్ట్,మార్ట్
mart,మార్ట్,మార్ట్
maalaa,మాలా,మాలా
maali,మాలి,మాలి
maasam,మాసం,మాసం
masam,మాసం,మాసం
migitaa,మిగితా,మిగితా
migithaa,మిగితా,మిగితా
mishathoo,మిషతో,మిషతో
meetarla,మీటర్ల,మీటర్ల
meetarlalo,మీటర్లలో,మీటర్లలో
meetarlaloo,మీటర్లలో,మీటర్లలో
miiruu,మీరూ,మీరూ
mundumaataloo,ముందుమాటలో,ముందుమాటలో
mukkalo,ముక్కలో,ముక్కలో
mukkaloo,ముక్కలో,ముక్కలో
muktyaala,ముక్త్యాల,ముక్త్యాల
muthyaala,ముత్యాల,ముత్యాల
mutyala,ముత్యాల,ముత్యాల
muthyaalanu,ముత్యాలను,ముత్యాలను
mutyalanu,ముత్యాలను,ముత్యాలను
muthyaalu,ముత్యాలు,ముత్యాలు
mutyaalu,ముత్యాలు,ముత్యాలు
mutyalu,ముత్యాలు,ముత్యాలు
munagaala,మునగాల,మునగాల
munagala,మునగాల,మునగాల
muppu,ముప్పు,ముప్పు
muppunu,ముప్పును,ముప్పును
muslim,ముస్లిం,ముస్లిం
muslimlu,ముస్లింలు,ముస్లింలు
murti,మూర్తి,మూర్తి
muurti,మూర్తి,మూర్తి
muurtini,మూర్తిని,మూర్తిని
muulamgaanae,మూలంగానే,మూలంగానే
muulamgaanee,మూలంగానే,మూలంగానే
muulangaane,మూలంగానే,మూలంగానే
muulaalaku,మూలాలకు,మూలాలకు
muulaalanu,మూలాలను,మూలాలను
muulika,మూలిక,మూలిక
muulikala,మూలికల,మూలికల
muulikaa,మూలికా,మూలికా
muushaaru,మూశారు,మూశారు
muusiiki,మూసీకి,మూసీకి
mrhugaala,మృగాల,మృగాల
mrugaala,మృగాల,మృగాల
meeghamaa,మేఘమా,మేఘమా
meghamaa,మేఘమా,మేఘమా
mayday,మేడే,మేడే
metha,మేత,మేత
maedhassunu,మేధస్సును,మేధస్సును
medhassunu,మేధస్సును,మేధస్సును
mailuraayi,మైలురాయి,మైలురాయి
mailurayi,మైలురాయి,మైలురాయి
mieluraayi,మైలురాయి,మైలురాయి
moosaginchadam,మోసగించడం,మోసగించడం
mosey,మోసే,మోసే
yaantrika,యాంత్రిక,యాంత్రిక
yaantrikamaina,యాంత్రికమైన,యాంత్రికమైన
yaantrikamiena,యాంత్రికమైన,యాంత్రికమైన
yaajamaanyam,యాజమాన్యం,యాజమాన్యం
yaasid,యాసిడ్,యాసిడ్
yugamdhar,యుగంధర్,యుగంధర్
yuddha,యుద్ధ,యుద్ధ
yuddhaalu,యుద్ధాలు,యుద్ధాలు
yudhalu,యుద్ధాలు,యుద్ధాలు
yuvata,యువత,యువత
yuvatha,యువత,యువత
yuvataku,యువతకు,యువతకు
yuvathaku,యువతకు,యువతకు
yuvatanu,యువతను,యువతను
yuvathanu,యువతను,యువతను
yuvataloe,యువతలో,యువతలో
yuvataloo,యువతలో,యువతలో
yuvathalo,యువతలో,యువతలో
yuvar,యువర్,యువర్
yogulu,యోగులు,యోగులు
rangamma,రంగమ్మ,రంగమ్మ
rangaalloo,రంగాల్లో,రంగాల్లో
randani,రండని,రండని
rakaallo,రకాల్లో,రకాల్లో
rakalloo,రకాల్లో,రకాల్లో
raktamu,రక్తము,రక్తము
raktaheenatha,రక్తహీనత,రక్తహీనత
rakshana,రక్షణ,రక్షణ
rakshanha,రక్షణ,రక్షణ
rakshanaga,రక్షణగా,రక్షణగా
rakshanagaa,రక్షణగా,రక్షణగా
rakshinchadam,రక్షించడం,రక్షించడం
rakshinchamani,రక్షించమని,రక్షించమని
rakshinchaali,రక్షించాలి,రక్షించాలి
rakshinchali,రక్షించాలి,రక్షించాలి
rakshinche,రక్షించే,రక్షించే
rachanalathoo,రచనలతో,రచనలతో
rachanalapy,రచనలపై,రచనలపై
rattayya,రత్తయ్య,రత్తయ్య
ratthayya,రత్తయ్య,రత్తయ్య
rathna,రత్న,రత్న
rathnaalu,రత్నాలు,రత్నాలు
ravivarma,రవివర్మ,రవివర్మ
rahasya,రహస్య,రహస్య
rahasyamu,రహస్యము,రహస్యము
raajamaatha,రాజమాత,రాజమాత
raajayyanu,రాజయ్యను,రాజయ్యను
rajayyanu,రాజయ్యను,రాజయ్యను
rajayyadu,రాజయ్యాడు,రాజయ్యాడు
raajyamu,రాజ్యము,రాజ్యము
rajyamu,రాజ్యము,రాజ్యము
raajyamunu,రాజ్యమును,రాజ్యమును
rajyamunu,రాజ్యమును,రాజ్యమును
raajyasabha,రాజ్యసభ,రాజ్యసభ
raadha,రాధ,రాధ
raadhaku,రాధకు,రాధకు
radhaku,రాధకు,రాధకు
raadhatho,రాధతో,రాధతో
raamasya,రామస్య,రామస్య
raamaayanam,రామాయణం,రామాయణం
rayabaram,రాయబారం,రాయబారం
raayi,రాయి,రాయి
rayi,రాయి,రాయి
rayiga,రాయిగా,రాయిగా
raayitho,రాయితో,రాయితో
raayitoo,రాయితో,రాయితో
raalla,రాళ్ళ,రాళ్ళ
ralla,రాళ్ళ,రాళ్ళ
raallatho,రాళ్ళతో,రాళ్ళతో
rallatho,రాళ్ళతో,రాళ్ళతో
rallato,రాళ్ళతో,రాళ్ళతో
raavutho,రావుతో,రావుతో
ravutho,రావుతో,రావుతో
rashulu,రాశులు,రాశులు
rashtramlone,రాష్ట్రంలోనే,రాష్ట్రంలోనే
raasi,రాసి,రాసి
raasindi,రాసింది,రాసింది
rasindi,రాసింది,రాసింది
raasenduku,రాసేందుకు,రాసేందుకు
rasenduku,రాసేందుకు,రాసేందుకు
richaa,రిచా,రిచా
rijarvaeshanla,రిజర్వేషన్ల,రిజర్వేషన్ల
rijarveshanla,రిజర్వేషన్ల,రిజర్వేషన్ల
runalanu,రుణాలను,రుణాలను
rudhraa,రుద్రా,రుద్రా
rudraa,రుద్రా,రుద్రా
rudhruni,రుద్రుని,రుద్రుని
rudruni,రుద్రుని,రుద్రుని
rudhrulaku,రుద్రులకు,రుద్రులకు
rudrulaku,రుద్రులకు,రుద్రులకు
roopamai,రూపమై,రూపమై
rupamai,రూపమై,రూపమై
remdu,రెండు,రెండు
remduna,రెండున,రెండున
renduna,రెండున,రెండున
remdunu,రెండును,రెండును
rendunu,రెండును,రెండును
rendaella,రెండేళ్ళ,రెండేళ్ళ
rendella,రెండేళ్ళ,రెండేళ్ళ
raetlaku,రేట్లకు,రేట్లకు
royyala,రొయ్యల,రొయ్యల
roganni,రోగాన్ని,రోగాన్ని
roogaanni,రోగాన్ని,రోగాన్ని
rooganni,రోగాన్ని,రోగాన్ని
rogalu,రోగాలు,రోగాలు
roogaalu,రోగాలు,రోగాలు
roogalu,రోగాలు,రోగాలు
rojuluga,రోజులుగా,రోజులుగా
ryaaleelu,ర్యాలీలు,ర్యాలీలు
ryalilu,ర్యాలీలు,ర్యాలీలు
ryaaleeloo,ర్యాలీలో,ర్యాలీలో
ryalilo,ర్యాలీలో,ర్యాలీలో
lukky,లక్కీ,లక్కీ
lakshaku,లక్షకు,లక్షకు
laantidhe,లాంటిదే,లాంటిదే
laagadam,లాగడం,లాగడం
lingamu,లింగము,లింగము
lingamunu,లింగమును,లింగమును
leelaavathi,లీలావతి,లీలావతి
leelaavati,లీలావతి,లీలావతి
lekkana,లెక్కన,లెక్కన
lekkalu,లెక్కలు,లెక్కలు
lekkalloo,లెక్కల్లో,లెక్కల్లో
laedhuraa,లేదురా,లేదురా
leduraa,లేదురా,లేదురా
leedhuraa,లేదురా,లేదురా
laenatuvanti,లేనటువంటి,లేనటువంటి
leamu,లేము,లేము
lemu,లేము,లేము
lerani,లేరని,లేరని
laeraa,లేరా,లేరా
leraa,లేరా,లేరా
lokamu,లోకము,లోకము
loehamtoe,లోహంతో,లోహంతో
lohamthoo,లోహంతో,లోహంతో
lohamtoe,లోహంతో,లోహంతో
loehiyaa,లోహియా,లోహియా
vamtakaalu,వంటకాలు,వంటకాలు
vantakaalu,వంటకాలు,వంటకాలు
vantivi,వంటివి,వంటివి
vaktalu,వక్తలు,వక్తలు
vaddhannaa,వద్దన్నా,వద్దన్నా
vannee,వన్నీ,వన్నీ
vannela,వన్నెల,వన్నెల
vayasu,వయసు,వయసు
vayasuloe,వయసులో,వయసులో
varalakshmamma,వరలక్ష్మమ్మ,వరలక్ష్మమ్మ
varavararaavu,వరవరరావు,వరవరరావు
varavararao,వరవరరావు,వరవరరావు
varasa,వరస,వరస
varasaku,వరసకు,వరసకు
varasaga,వరసగా,వరసగా
varasagaa,వరసగా,వరసగా
varasalo,వరసలో,వరసలో
varasaloe,వరసలో,వరసలో
varasaloo,వరసలో,వరసలో
vargikaranakau,వర్గీకరణకు,వర్గీకరణకు
vargiikaranhaloe,వర్గీకరణలో,వర్గీకరణలో
varnamaala,వర్ణమాల,వర్ణమాల
varnhamaala,వర్ణమాల,వర్ణమాల
varnhincha,వర్ణించ,వర్ణించ
varnincha,వర్ణించ,వర్ణించ
vartamaanam,వర్తమానం,వర్తమానం
varthamaanam,వర్తమానం,వర్తమానం
vartamaanaalu,వర్తమానాలు,వర్తమానాలు
varthamaanaalu,వర్తమానాలు,వర్తమానాలు
vasudaeva,వసుదేవ,వసుదేవ
vasudeva,వసుదేవ,వసుదేవ
vasudaevudi,వసుదేవుడి,వసుదేవుడి
vasudevudi,వసుదేవుడి,వసుదేవుడి
vahinchaga,వహించగా,వహించగా
vahinchagaa,వహించగా,వహించగా
vahinchadu,వహించాడు,వహించాడు
vahimchaaru,వహించారు,వహించారు
vahinchaaru,వహించారు,వహించారు
vahincharu,వహించారు,వహించారు
vahimchina,వహించిన,వహించిన
vahinchina,వహించిన,వహించిన
vahimchinaa,వహించినా,వహించినా
vahinchinaa,వహించినా,వహించినా
vahimchuta,వహించుట,వహించుట
vahinchuta,వహించుట,వహించుట
vaakyaalu,వాక్యాలు,వాక్యాలు
vadini,వాడిని,వాడిని
vaadiyaa,వాడియా,వాడియా
vaadaina,వాడైన,వాడైన
vaadyna,వాడైన,వాడైన
vaayisthoo,వాయిస్తూ,వాయిస్తూ
vaayisthuu,వాయిస్తూ,వాయిస్తూ
vaayistoo,వాయిస్తూ,వాయిస్తూ
vaayuvula,వాయువుల,వాయువుల
vayuvula,వాయువుల,వాయువుల
vaarikee,వారికీ,వారికీ
warrior,వారియర్,వారియర్
vaartathoo,వార్తతో,వార్తతో
vaarthatho,వార్తతో,వార్తతో
vaartanu,వార్తను,వార్తను
vaarthanu,వార్తను,వార్తను
vaartala,వార్తల,వార్తల
vaasudeeva,వాసుదేవ,వాసుదేవ
vaasudeva,వాసుదేవ,వాసుదేవ
vaasudheva,వాసుదేవ,వాసుదేవ
vaasudevaraavu,వాసుదేవరావు,వాసుదేవరావు
vaasudhevaraavu,వాసుదేవరావు,వాసుదేవరావు
vintuu,వింటూ,వింటూ
vikalaangula,వికలాంగుల,వికలాంగుల
vikalaangulaina,వికలాంగులైన,వికలాంగులైన
vikalaanguliena,వికలాంగులైన,వికలాంగులైన
vikeendreekaranha,వికేంద్రీకరణ,వికేంద్రీకరణ
vikendrikarana,వికేంద్రీకరణ,వికేంద్రీకరణ
vikky,విక్కీ,విక్కీ
vijayamga,విజయంగా,విజయంగా
vijayamgaa,విజయంగా,విజయంగా
vijayangaa,విజయంగా,విజయంగా
vijayamu,విజయము,విజయము
vijayaala,విజయాల,విజయాల
vijayala,విజయాల,విజయాల
vijayaalatho,విజయాలతో,విజయాలతో
vijayaalathoo,విజయాలతో,విజయాలతో
vijayaalato,విజయాలతో,విజయాలతో
vijayalato,విజయాలతో,విజయాలతో
vijayalanu,విజయాలను,విజయాలను
vijay,విజయ్,విజయ్
vittanam,విత్తనం,విత్తనం
vitthanam,విత్తనం,విత్తనం
videeha,విదేహ,విదేహ
videha,విదేహ,విదేహ
vidhaalaa,విధాలా,విధాలా
vidhaalaina,విధాలైన,విధాలైన
vidhalaina,విధాలైన,విధాలైన
vinaashanam,వినాశనం,వినాశనం
vinikidi,వినికిడి,వినికిడి
vinoba,వినోబా,వినోబా
vinobaa,వినోబా,వినోబా
vinyaasam,విన్యాసం,విన్యాసం
vinyasam,విన్యాసం,విన్యాసం
vinyasalanu,విన్యాసాలను,విన్యాసాలను
vipruni,విప్రుని,విప్రుని
viprulu,విప్రులు,విప్రులు
vimukthi,విముక్తి,విముక్తి
vimukti,విముక్తి,విముక్తి
virakthi,విరక్తి,విరక్తి
virakti,విరక్తి,విరక్తి
viramana,విరమణ,విరమణ
viramanha,విరమణ,విరమణ
viraalaala,విరాళాల,విరాళాల
viraalhaala,విరాళాల,విరాళాల
viraalhaalu,విరాళాలు,విరాళాలు
virigina,విరిగిన,విరిగిన
vivarana,వివరణ,వివరణ
vivaranha,వివరణ,వివరణ
vivarananu,వివరణను,వివరణను
vivaranhanu,వివరణను,వివరణను
vivaranala,వివరణల,వివరణల
vivaranhala,వివరణల,వివరణల
vivaranhalatoe,వివరణలతో,వివరణలతో
vivaranalo,వివరణలో,వివరణలో
vivaranhaloe,వివరణలో,వివరణలో
vivaraalu,వివరాలు,వివరాలు
vivaralu,వివరాలు,వివరాలు
viswadaabhiraama,విశ్వదాభిరామ,విశ్వదాభిరామ
vishvasaniiya,విశ్వసనీయ,విశ్వసనీయ
vishwasaneeya,విశ్వసనీయ,విశ్వసనీయ
viswasaniiya,విశ్వసనీయ,విశ్వసనీయ
vishvasaniiyanga,విశ్వసనీయంగా,విశ్వసనీయంగా
viswasaniiyamgaa,విశ్వసనీయంగా,విశ్వసనీయంగా
vishvasaniiyata,విశ్వసనీయత,విశ్వసనీయత
vishwasaneeyatha,విశ్వసనీయత,విశ్వసనీయత
visvasaniiyata,విశ్వసనీయత,విశ్వసనీయత
viswasaniiyata,విశ్వసనీయత,విశ్వసనీయత
vishvaasa,విశ్వాస,విశ్వాస
viswaasa,విశ్వాస,విశ్వాస
vishvaasaala,విశ్వాసాల,విశ్వాసాల
viswaasaala,విశ్వాసాల,విశ్వాసాల
vishvaasaalaku,విశ్వాసాలకు,విశ్వాసాలకు
viswaasaalaku,విశ్వాసాలకు,విశ్వాసాలకు
vishapuuritha,విషపూరిత,విషపూరిత
vishnhuvu,విష్ణువు,విష్ణువు
vishnuvu,విష్ణువు,విష్ణువు
vishnuvuku,విష్ణువుకు,విష్ణువుకు
visugu,విసుగు,విసుగు
viskii,విస్కీ,విస్కీ
whisqy,విస్కీ,విస్కీ
vistarimpa,విస్తరింప,విస్తరింప
vistarinpa,విస్తరింప,విస్తరింప
vistharimpa,విస్తరింప,విస్తరింప
veellhu,వీళ్ళు,వీళ్ళు
veellu,వీళ్ళు,వీళ్ళు
viilhlhu,వీళ్ళు,వీళ్ళు
weavar,వీవర్,వీవర్
weaver,వీవర్,వీవర్
vuntaayi,వుంటాయి,వుంటాయి
vrutthaakaara,వృత్తాకార,వృత్తాకార
veluvarinchina,వెలువరించిన,వెలువరించిన
velhtundagaa,వెళ్తుండగా,వెళ్తుండగా
velthundaga,వెళ్తుండగా,వెళ్తుండగా
veltundaga,వెళ్తుండగా,వెళ్తుండగా
vellaaka,వెళ్ళాక,వెళ్ళాక
vaetakai,వేటకై,వేటకై
vaethanam,వేతనం,వేతనం
vetanam,వేతనం,వేతనం
vaedamu,వేదము,వేదము
vedamu,వేదము,వేదము
vaedamunu,వేదమును,వేదమును
vedamunu,వేదమును,వేదమును
vaemula,వేముల,వేముల
vemula,వేముల,వేముల
vaerlanu,వేర్లను,వేర్లను
vesaaraa,వేసారా,వేసారా
vaijayamtii,వైజయంతీ,వైజయంతీ
vaijayantii,వైజయంతీ,వైజయంతీ
vyjayantii,వైజయంతీ,వైజయంతీ
vaidhyam,వైద్యం,వైద్యం
vaidyam,వైద్యం,వైద్యం
vydyam,వైద్యం,వైద్యం
vaivaswata,వైవస్వత,వైవస్వత
vaivaswatha,వైవస్వత,వైవస్వత
vyvaswatha,వైవస్వత,వైవస్వత
vyaktula,వ్యక్తుల,వ్యక్తుల
vyaktulaki,వ్యక్తులకి,వ్యక్తులకి
vyaktulae,వ్యక్తులే,వ్యక్తులే
vyaktule,వ్యక్తులే,వ్యక్తులే
vyatyaasam,వ్యత్యాసం,వ్యత్యాసం
vyavaharinchae,వ్యవహరించే,వ్యవహరించే
vyavaharinche,వ్యవహరించే,వ్యవహరించే
vyavaharinchaevaru,వ్యవహరించేవారు,వ్యవహరించేవారు
vyaan,వ్యాన్,వ్యాన్
vraasaadu,వ్రాసాడు,వ్రాసాడు
vraasaaru,వ్రాసారు,వ్రాసారు
vraasimdi,వ్రాసింది,వ్రాసింది
vraasindi,వ్రాసింది,వ్రాసింది
vraasenu,వ్రాసెను,వ్రాసెను
vrelaada,వ్రేలాడ,వ్రేలాడ
vrelaade,వ్రేలాడే,వ్రేలాడే
satakam,శతకం,శతకం
shathakam,శతకం,శతకం
sabdam,శబ్దం,శబ్దం
shabdam,శబ్దం,శబ్దం
saasanasabhaa,శాసనసభా,శాసనసభా
shaasanasabhaa,శాసనసభా,శాసనసభా
shaastraveettha,శాస్త్రవేత్త,శాస్త్రవేత్త
sastravettagaa,శాస్త్రవేత్తగా,శాస్త్రవేత్తగా
shaasthravetthagaa,శాస్త్రవేత్తగా,శాస్త్రవేత్తగా
shaastraveetthagaa,శాస్త్రవేత్తగా,శాస్త్రవేత్తగా
shaastravettagaa,శాస్త్రవేత్తగా,శాస్త్రవేత్తగా
sastraalaku,శాస్త్రాలకు,శాస్త్రాలకు
shaasthraalaku,శాస్త్రాలకు,శాస్త్రాలకు
shaastraalaku,శాస్త్రాలకు,శాస్త్రాలకు
sikshanaku,శిక్షణకు,శిక్షణకు
sikshanhaku,శిక్షణకు,శిక్షణకు
shiksanaa,శిక్షణా,శిక్షణా
shikharaagra,శిఖరాగ్ర,శిఖరాగ్ర
sikharaagra,శిఖరాగ్ర,శిఖరాగ్ర
shilaayugam,శిలాయుగం,శిలాయుగం
silaayugam,శిలాయుగం,శిలాయుగం
sivasaenaku,శివసేనకు,శివసేనకు
sivasenaku,శివసేనకు,శివసేనకు
shivaa,శివా,శివా
sivaa,శివా,శివా
shivunipai,శివునిపై,శివునిపై
sheershika,శీర్షిక,శీర్షిక
shirshika,శీర్షిక,శీర్షిక
sheershikaku,శీర్షికకు,శీర్షికకు
shirshikaku,శీర్షికకు,శీర్షికకు
sheershikatho,శీర్షికతో,శీర్షికతో
sheershikathoo,శీర్షికతో,శీర్షికతో
sheershikana,శీర్షికన,శీర్షికన
sheershikanu,శీర్షికను,శీర్షికను
shirshikanu,శీర్షికను,శీర్షికను
sheershikalo,శీర్షికలో,శీర్షికలో
sheershikaloo,శీర్షికలో,శీర్షికలో
shirshikalo,శీర్షికలో,శీర్షికలో
shuddhi,శుద్ధి,శుద్ధి
shuddhiga,శుద్ధిగా,శుద్ధిగా
shoora,శూర,శూర
shura,శూర,శూర
saekhara,శేఖర,శేఖర
shekhara,శేఖర,శేఖర
sheshayya,శేషయ్య,శేషయ్య
sobha,శోభ,శోభ
shyamala,శ్యామల,శ్యామల
srimahavishnuvu,శ్రీమహావిష్ణువు,శ్రీమహావిష్ణువు
shreevaaru,శ్రీవారు,శ్రీవారు
sreevaaru,శ్రీవారు,శ్రీవారు
srivaaru,శ్రీవారు,శ్రీవారు
sankshaemam,సంక్షేమం,సంక్షేమం
sankshemam,సంక్షేమం,సంక్షేమం
sankshoebha,సంక్షోభ,సంక్షోభ
samchaara,సంచార,సంచార
sanchaara,సంచార,సంచార
samchaaramu,సంచారము,సంచారము
sanchaaramu,సంచారము,సంచారము
samchaari,సంచారి,సంచారి
sanchaari,సంచారి,సంచారి
samchikaku,సంచికకు,సంచికకు
sanchikaku,సంచికకు,సంచికకు
samchikanu,సంచికను,సంచికను
sanchikanu,సంచికను,సంచికను
samchikaloo,సంచికలో,సంచికలో
sanchikalo,సంచికలో,సంచికలో
sanchikaloo,సంచికలో,సంచికలో
santhaanamga,సంతానంగా,సంతానంగా
santhanamga,సంతానంగా,సంతానంగా
santhushtudai,సంతుష్టుడై,సంతుష్టుడై
sandarbhamuga,సందర్భముగా,సందర్భముగా
sandarbhamuna,సందర్భమున,సందర్భమున
sandharbhamuna,సందర్భమున,సందర్భమున
sandhaana,సంధాన,సంధాన
sambhaashanala,సంభాషణల,సంభాషణల
sambhaashanhala,సంభాషణల,సంభాషణల
sambhashanala,సంభాషణల,సంభాషణల
sambhaashanhalaku,సంభాషణలకు,సంభాషణలకు
samrakshinchabadina,సంరక్షించబడిన,సంరక్షించబడిన
samrakshinche,సంరక్షించే,సంరక్షించే
samrakshinchee,సంరక్షించే,సంరక్షించే
sakramamga,సక్రమంగా,సక్రమంగా
sakramamaina,సక్రమమైన,సక్రమమైన
sachivaalayam,సచివాలయం,సచివాలయం
sathyamgaa,సత్యంగా,సత్యంగా
satyangaa,సత్యంగా,సత్యంగా
sathyamuurthi,సత్యమూర్తి,సత్యమూర్తి
sathyaagraha,సత్యాగ్రహ,సత్యాగ్రహ
satyaagraha,సత్యాగ్రహ,సత్యాగ్రహ
sathyaagraham,సత్యాగ్రహం,సత్యాగ్రహం
satyaagraham,సత్యాగ్రహం,సత్యాగ్రహం
satyaanni,సత్యాన్ని,సత్యాన్ని
satyanni,సత్యాన్ని,సత్యాన్ని
satyaalu,సత్యాలు,సత్యాలు
sadharu,సదరు,సదరు
sadaananda,సదానంద,సదానంద
sadhaanamdha,సదానంద,సదానంద
sannaahaalu,సన్నాహాలు,సన్నాహాలు
sanniveesha,సన్నివేశ,సన్నివేశ
sannivesa,సన్నివేశ,సన్నివేశ
sannivesha,సన్నివేశ,సన్నివేశ
sanniveesham,సన్నివేశం,సన్నివేశం
sannivesam,సన్నివేశం,సన్నివేశం
sannivesham,సన్నివేశం,సన్నివేశం
sanniveshamto,సన్నివేశంతో,సన్నివేశంతో
sannivaesaalloe,సన్నివేశాల్లో,సన్నివేశాల్లో
sabhalanu,సభలను,సభలను
sabhalloo,సభల్లో,సభల్లో
sabhyuni,సభ్యుని,సభ్యుని
samaachaaramthoo,సమాచారంతో,సమాచారంతో
samaachaaramto,సమాచారంతో,సమాచారంతో
samaacharamlo,సమాచారంలో,సమాచారంలో
samaajamae,సమాజమే,సమాజమే
samaadhula,సమాధుల,సమాధుల
samadhula,సమాధుల,సమాధుల
samaasa,సమాస,సమాస
samithiloo,సమితిలో,సమితిలో
samudaayaala,సముదాయాల,సముదాయాల
samudaayaalaku,సముదాయాలకు,సముదాయాలకు
samudaayaalu,సముదాయాలు,సముదాయాలు
samudramu,సముద్రము,సముద్రము
saraasari,సరాసరి,సరాసరి
sarita,సరిత,సరిత
saritha,సరిత,సరిత
sarihaddulaloo,సరిహద్దులలో,సరిహద్దులలో
sarjari,సర్జరీ,సర్జరీ
sarpam,సర్పం,సర్పం
sarpanchi,సర్పంచి,సర్పంచి
sarvooththama,సర్వోత్తమ,సర్వోత్తమ
sarvotthama,సర్వోత్తమ,సర్వోత్తమ
saanghika,సాంఘిక,సాంఘిక
saanthvana,సాంత్వన,సాంత్వన
saakshyam,సాక్ష్యం,సాక్ష్యం
saagaalani,సాగాలని,సాగాలని
saagutunna,సాగుతున్న,సాగుతున్న
sagutunna,సాగుతున్న,సాగుతున్న
saadhimchina,సాధించిన,సాధించిన
saadhinchina,సాధించిన,సాధించిన
sadhinchina,సాధించిన,సాధించిన
saamudrikam,సాముద్రికం,సాముద్రికం
samudrikam,సాముద్రికం,సాముద్రికం
saamraajyamu,సామ్రాజ్యము,సామ్రాజ్యము
saayamthram,సాయంత్రం,సాయంత్రం
saayantram,సాయంత్రం,సాయంత్రం
saayamthramu,సాయంత్రము,సాయంత్రము
saayantramu,సాయంత్రము,సాయంత్రము
saaramu,సారము,సారము
saavadhaanamgaa,సావధానంగా,సావధానంగా
saavadhaanangaa,సావధానంగా,సావధానంగా
simgana,సింగన,సింగన
singana,సింగన,సింగన
sikimdar,సికిందర్,సికిందర్
sikindar,సికిందర్,సికిందర్
siddantamu,సిద్ధాంతము,సిద్ధాంతము
siddhaamtamu,సిద్ధాంతము,సిద్ధాంతము
siddhaantamu,సిద్ధాంతము,సిద్ధాంతము
sira,సిరా,సిరా
siijanloo,సీజన్లో,సీజన్లో
suprabhaata,సుప్రభాత,సుప్రభాత
suprabhaatha,సుప్రభాత,సుప్రభాత
suprabhatha,సుప్రభాత,సుప్రభాత
sulabha,సులభ,సులభ
sultaanu,సుల్తాను,సుల్తాను
sulthaanu,సుల్తాను,సుల్తాను
sultaanula,సుల్తానుల,సుల్తానుల
sulthaanula,సుల్తానుల,సుల్తానుల
suhaasini,సుహాసిని,సుహాసిని
suchinche,సూచించే,సూచించే
suuryanaaraayanha,సూర్యనారాయణ,సూర్యనారాయణ
sense,సెన్స్,సెన్స్
septembar,సెప్టెంబర్,సెప్టెంబర్
september,సెప్టెంబర్,సెప్టెంబర్
saekarinchina,సేకరించిన,సేకరించిన
sekarinchina,సేకరించిన,సేకరించిన
sevalandinche,సేవలందించే,సేవలందించే
cycle,సైకిల్,సైకిల్
sainyaalaku,సైన్యాలకు,సైన్యాలకు
sienyaalaku,సైన్యాలకు,సైన్యాలకు
sainyaalato,సైన్యాలతో,సైన్యాలతో
sainyaalatoo,సైన్యాలతో,సైన్యాలతో
sainyalatho,సైన్యాలతో,సైన్యాలతో
sienyaalatoo,సైన్యాలతో,సైన్యాలతో
soap,సోప్,సోప్
sop,సోప్,సోప్
sofhiya,సోఫియా,సోఫియా
sofia,సోఫియా,సోఫియా
sofiya,సోఫియా,సోఫియా
sophia,సోఫియా,సోఫియా
soomavaaram,సోమవారం,సోమవారం
soomavaaramu,సోమవారము,సోమవారము
sdhala,స్థల,స్థల
sthala,స్థల,స్థల
sthithulaloo,స్థితులలో,స్థితులలో
svaraanni,స్వరాన్ని,స్వరాన్ని
swaranni,స్వరాన్ని,స్వరాన్ని
svaraalu,స్వరాలు,స్వరాలు
swaraalu,స్వరాలు,స్వరాలు
swaralu,స్వరాలు,స్వరాలు
swargamlaa,స్వర్గంలా,స్వర్గంలా
svasthalam,స్వస్థలం,స్వస్థలం
swasdhalam,స్వస్థలం,స్వస్థలం
svatantryodyama,స్వాతంత్ర్యోద్యమ,స్వాతంత్ర్యోద్యమ
hakkulu,హక్కులు,హక్కులు
halwaa,హల్వా,హల్వా
haarmoonula,హార్మోనుల,హార్మోనుల
harmonula,హార్మోనుల,హార్మోనుల
hormonula,హార్మోనుల,హార్మోనుల
heatar,హీటర్,హీటర్
heater,హీటర్,హీటర్
heetar,హీటర్,హీటర్
hiitar,హీటర్,హీటర్
hrudayam,హృదయం,హృదయం
hrudayamthoo,హృదయంతో,హృదయంతో
hrudayamto,హృదయంతో,హృదయంతో
hrudayamtoo,హృదయంతో,హృదయంతో
henree,హెన్రీ,హెన్రీ
henry,హెన్రీ,హెన్రీ
hydaraabaadii,హైదరాబాదీ,హైదరాబాదీ
